,Pre_lable,methy_site_number,negative_probably,original_seq,positive_probably,seq_original
0,0.0,1,0.9999828067692843,GGCGAACAGTGGTTTATCCTGGCAGCTTCAAAACCCTGGGC,1.1972405693747781e-05,Example 1(SGIP1)
1,0.0,2,0.9996226917613636,GCGAACAGTGGTTTATCCTGGCAGCTTCAAAACCCTGGGCT,0.00032414360479875046,Example 1(SGIP1)
2,0.0,3,0.9999994689768011,AACAGTGGTTTATCCTGGCAGCTTCAAAACCCTGGGCTCCG,8.53430141102184e-07,Example 1(SGIP1)
3,0.0,4,0.9999989596280184,CCTGGCAGCTTCAAAACCCTGGGCTCCGCCACAACCAGGCA,9.888952428644353e-07,Example 1(SGIP1)
4,0.0,5,0.9999994906512174,CTGGCAGCTTCAAAACCCTGGGCTCCGCCACAACCAGGCAC,4.3348832563920453e-07,Example 1(SGIP1)
5,0.0,6,0.9999996586279436,TGGCAGCTTCAAAACCCTGGGCTCCGCCACAACCAGGCACA,2.9260461980646307e-07,Example 1(SGIP1)
6,0.0,7,0.9999998807907104,GCTTCAAAACCCTGGGCTCCGCCACAACCAGGCACAACTGC,8.940696716308594e-08,Example 1(SGIP1)
7,0.0,8,0.9998484091325239,CCTGGGCTCCGCCACAACCAGGCACAACTGCCTCCCTCCAG,0.00018054517832669345,Example 1(SGIP1)
8,0.0,9,0.9999999566511675,CTGGGCTCCGCCACAACCAGGCACAACTGCCTCCCTCCAGG,4.063953052867542e-08,Example 1(SGIP1)
9,0.0,10,0.9999999024651267,CGCCACAACCAGGCACAACTGCCTCCCTCCAGGTTTCCACT,1.1920928955078125e-07,Example 1(SGIP1)
10,0.0,11,0.4818780611861836,GGCACAACTGCCTCCCTCCAGGTTTCCACTTGGGTGAATGA,0.5175051201473583,Example 1(SGIP1)
11,0.0,12,0.9999991276047446,GCACAACTGCCTCCCTCCAGGTTTCCACTTGGGTGAATGAA,1.232732426036488e-06,Example 1(SGIP1)
12,0.0,13,0.9999962882562117,CTCCCTCCAGGTTTCCACTTGGGTGAATGAATAGGCTTGAA,4.470348358154297e-06,Example 1(SGIP1)
13,0.0,14,0.9999347437511791,TCCCTCCAGGTTTCCACTTGGGTGAATGAATAGGCTTGAAG,5.898963321339e-05,Example 1(SGIP1)
14,0.0,15,0.9999996748837557,CCCTCCAGGTTTCCACTTGGGTGAATGAATAGGCTTGAAGG,2.5467439131303266e-07,Example 1(SGIP1)
15,0.0,16,0.9999641071666371,CTCCAGGTTTCCACTTGGGTGAATGAATAGGCTTGAAGGCG,4.295598376880992e-05,Example 1(SGIP1)
16,0.0,17,0.9998669299212369,AGGTTTCCACTTGGGTGAATGAATAGGCTTGAAGGCGACTC,0.00010880015113136984,Example 1(SGIP1)
17,0.0,18,0.999999539418654,TCCACTTGGGTGAATGAATAGGCTTGAAGGCGACTCCAGAT,3.84720889004794e-07,Example 1(SGIP1)
18,0.0,19,0.9999999566511675,CCACTTGGGTGAATGAATAGGCTTGAAGGCGACTCCAGATG,4.8767436634410514e-08,Example 1(SGIP1)
19,0.0,20,0.9999892549081282,TTGGGTGAATGAATAGGCTTGAAGGCGACTCCAGATGCAGG,7.995150306008078e-06,Example 1(SGIP1)
20,0.0,21,0.9999985044652765,GGTGAATGAATAGGCTTGAAGGCGACTCCAGATGCAGGAGG,1.240860332142223e-06,Example 1(SGIP1)
21,0.0,22,0.9999999783255837,GTGAATGAATAGGCTTGAAGGCGACTCCAGATGCAGGAGGC,2.1674416281960228e-08,Example 1(SGIP1)
22,0.0,23,0.9999825954437256,GAATGAATAGGCTTGAAGGCGACTCCAGATGCAGGAGGCGC,1.3684684580022639e-05,Example 1(SGIP1)
23,0.0,24,0.9998054829510775,TAGGCTTGAAGGCGACTCCAGATGCAGGAGGCGCGTCGCGG,0.00020043145526539195,Example 1(SGIP1)
24,0.0,25,0.9999941045587714,GCTTGAAGGCGACTCCAGATGCAGGAGGCGCGTCGCGGAGA,5.047429691661488e-06,Example 1(SGIP1)
25,0.0,26,0.9994805997068231,TGAAGGCGACTCCAGATGCAGGAGGCGCGTCGCGGAGAAAC,0.00047420371662486684,Example 1(SGIP1)
26,0.0,27,0.9999970251863654,GAAGGCGACTCCAGATGCAGGAGGCGCGTCGCGGAGAAACG,4.28882512179288e-06,Example 1(SGIP1)
27,0.0,28,0.9999949661168185,AGGCGACTCCAGATGCAGGAGGCGCGTCGCGGAGAAACGTG,4.77920879017223e-06,Example 1(SGIP1)
28,0.0,29,0.9999930154193531,GGCGACTCCAGATGCAGGAGGCGCGTCGCGGAGAAACGTGT,5.70579008622603e-06,Example 1(SGIP1)
29,0.0,30,0.9999998320232738,CGACTCCAGATGCAGGAGGCGCGTCGCGGAGAAACGTGTCA,2.2487206892533737e-07,Example 1(SGIP1)
30,0.0,31,0.6490359685637734,ACTCCAGATGCAGGAGGCGCGTCGCGGAGAAACGTGTCATT,0.35131916945630853,Example 1(SGIP1)
31,0.0,32,0.9999997886744413,CCAGATGCAGGAGGCGCGTCGCGGAGAAACGTGTCATTTAG,1.7610463229092685e-07,Example 1(SGIP1)
32,0.0,33,0.9999868111176924,AGATGCAGGAGGCGCGTCGCGGAGAAACGTGTCATTTAGGA,1.1368231339888139e-05,Example 1(SGIP1)
33,0.0,34,0.9999972148375078,GATGCAGGAGGCGCGTCGCGGAGAAACGTGTCATTTAGGAG,2.7011741291392934e-06,Example 1(SGIP1)
34,0.0,35,0.9998771006410773,TGCAGGAGGCGCGTCGCGGAGAAACGTGTCATTTAGGAGAA,0.00013211369514465332,Example 1(SGIP1)
35,1.0,36,0.3217061920599504,GAGGCGCGTCGCGGAGAAACGTGTCATTTAGGAGAAAGTTT,0.6761997450481761,Example 1(SGIP1)
36,0.0,37,0.6602236411788247,GGCGCGTCGCGGAGAAACGTGTCATTTAGGAGAAAGTTTGT,0.3361760106953708,Example 1(SGIP1)
37,0.0,38,0.48146989941596985,GCGGAGAAACGTGTCATTTAGGAGAAAGTTTGTTTCCTACA,0.5149967968463898,Example 1(SGIP1)
38,1.0,39,0.2570961767976934,CGGAGAAACGTGTCATTTAGGAGAAAGTTTGTTTCCTACAG,0.7420973831957037,Example 1(SGIP1)
39,0.0,40,0.3618844314055009,GAGAAACGTGTCATTTAGGAGAAAGTTTGTTTCCTACAGAG,0.6359450139782645,Example 1(SGIP1)
40,0.0,41,0.9999894120476462,AACGTGTCATTTAGGAGAAAGTTTGTTTCCTACAGAGACTG,9.252266450361772e-06,Example 1(SGIP1)
41,0.0,42,0.9999726035378196,TGTCATTTAGGAGAAAGTTTGTTTCCTACAGAGACTGCAGT,2.9013915495439008e-05,Example 1(SGIP1)
42,0.0,43,0.9997382976792075,GAGAAAGTTTGTTTCCTACAGAGACTGCAGTTGGCAGCTGC,0.00020442767576737836,Example 1(SGIP1)
43,0.0,44,0.9999955784190785,GAAAGTTTGTTTCCTACAGAGACTGCAGTTGGCAGCTGCAG,3.6819414658979936e-06,Example 1(SGIP1)
44,0.0,45,0.9999997832558372,GTTTGTTTCCTACAGAGACTGCAGTTGGCAGCTGCAGCCCC,1.625581221147017e-07,Example 1(SGIP1)
45,0.0,46,0.9999949769540266,TGTTTCCTACAGAGACTGCAGTTGGCAGCTGCAGCCCCAGT,4.0314414284446025e-06,Example 1(SGIP1)
46,0.0,47,0.9999998482790861,TTCCTACAGAGACTGCAGTTGGCAGCTGCAGCCCCAGTCGG,1.1108138344504616e-07,Example 1(SGIP1)
47,0.0,48,0.9999926632100885,TCCTACAGAGACTGCAGTTGGCAGCTGCAGCCCCAGTCGGT,7.68899917602539e-06,Example 1(SGIP1)
48,0.0,49,0.9999965916980397,TACAGAGACTGCAGTTGGCAGCTGCAGCCCCAGTCGGTTGC,4.088336771184748e-06,Example 1(SGIP1)
49,0.0,50,0.9999999620697715,AGAGACTGCAGTTGGCAGCTGCAGCCCCAGTCGGTTGCGAG,7.58604569868608e-08,Example 1(SGIP1)
50,0.0,51,0.9999951991167936,GACTGCAGTTGGCAGCTGCAGCCCCAGTCGGTTGCGAGAAA,5.857511000199751e-06,Example 1(SGIP1)
51,0.0,52,0.9999956813725558,AGTTGGCAGCTGCAGCCCCAGTCGGTTGCGAGAAAAGCTCC,5.3725459358908916e-06,Example 1(SGIP1)
52,0.0,53,0.999998005953702,TGGCAGCTGCAGCCCCAGTCGGTTGCGAGAAAAGCTCCCCA,2.5142322887073862e-06,Example 1(SGIP1)
53,0.0,54,0.43020956353707746,GGCAGCTGCAGCCCCAGTCGGTTGCGAGAAAAGCTCCCCAC,0.568386896090074,Example 1(SGIP1)
54,0.0,55,0.4034698686816476,AGCTGCAGCCCCAGTCGGTTGCGAGAAAAGCTCCCCACCTG,0.5949655771255493,Example 1(SGIP1)
55,0.0,56,0.9999998103488575,CTGCAGCCCCAGTCGGTTGCGAGAAAAGCTCCCCACCTGGG,1.4088370583274148e-07,Example 1(SGIP1)
56,0.0,57,0.9999400106343356,GCAGCCCCAGTCGGTTGCGAGAAAAGCTCCCCACCTGGGGA,4.509904167868874e-05,Example 1(SGIP1)
57,0.0,58,0.9999924573031339,CCCAGTCGGTTGCGAGAAAAGCTCCCCACCTGGGGAAGCGA,6.887045773592862e-06,Example 1(SGIP1)
58,0.0,59,0.9999719370495189,GCGAGAAAAGCTCCCCACCTGGGGAAGCGAGGCCGCTCCCG,2.5784427469426934e-05,Example 1(SGIP1)
59,0.0,60,0.999995925209739,CGAGAAAAGCTCCCCACCTGGGGAAGCGAGGCCGCTCCCGT,4.982406442815607e-06,Example 1(SGIP1)
60,0.0,61,0.9999931779774752,GAGAAAAGCTCCCCACCTGGGGAAGCGAGGCCGCTCCCGTG,5.410476164384321e-06,Example 1(SGIP1)
61,0.0,62,0.9960442727262323,AGAAAAGCTCCCCACCTGGGGAAGCGAGGCCGCTCCCGTGT,0.0036617788401517,Example 1(SGIP1)
62,0.0,63,0.3748513839461587,AAAGCTCCCCACCTGGGGAAGCGAGGCCGCTCCCGTGTGCG,0.6230148591778495,Example 1(SGIP1)
63,0.0,64,0.999991162256761,AGCTCCCCACCTGGGGAAGCGAGGCCGCTCCCGTGTGCGCT,5.6651505556973545e-06,Example 1(SGIP1)
64,1.0,65,0.13610014861280267,CTCCCCACCTGGGGAAGCGAGGCCGCTCCCGTGTGCGCTCG,0.8630000027743253,Example 1(SGIP1)
65,0.0,66,0.9999949552796104,TCCCCACCTGGGGAAGCGAGGCCGCTCCCGTGTGCGCTCGG,5.418604070490057e-06,Example 1(SGIP1)
66,0.0,67,0.9999935085123236,CCACCTGGGGAAGCGAGGCCGCTCCCGTGTGCGCTCGGCGG,6.15282492204146e-06,Example 1(SGIP1)
67,0.0,68,0.9997913187200372,GGGGAAGCGAGGCCGCTCCCGTGTGCGCTCGGCGGGGAGGA,0.00014606118202209473,Example 1(SGIP1)
68,1.0,69,0.11858139796690507,GGAAGCGAGGCCGCTCCCGTGTGCGCTCGGCGGGGAGGACG,0.8813205144622109,Example 1(SGIP1)
69,0.0,70,0.35709828951142053,AAGCGAGGCCGCTCCCGTGTGCGCTCGGCGGGGAGGACGCG,0.6424726789647882,Example 1(SGIP1)
70,0.0,71,0.9999839067459106,GCGAGGCCGCTCCCGTGTGCGCTCGGCGGGGAGGACGCGGT,1.619620756669478e-05,Example 1(SGIP1)
71,1.0,72,0.10943564772605896,GGCCGCTCCCGTGTGCGCTCGGCGGGGAGGACGCGGTGGCG,0.8908948356455023,Example 1(SGIP1)
72,1.0,73,0.19479875672947278,GCCGCTCCCGTGTGCGCTCGGCGGGGAGGACGCGGTGGCGG,0.8045593500137329,Example 1(SGIP1)
73,1.0,74,0.26713877374475653,CGCTCCCGTGTGCGCTCGGCGGGGAGGACGCGGTGGCGGCG,0.7322525652972135,Example 1(SGIP1)
74,1.0,75,0.18134937503121115,GCTCCCGTGTGCGCTCGGCGGGGAGGACGCGGTGGCGGCGG,0.8173261068084023,Example 1(SGIP1)
75,1.0,76,0.2601308416236531,CTCCCGTGTGCGCTCGGCGGGGAGGACGCGGTGGCGGCGGG,0.7394686449657787,Example 1(SGIP1)
76,1.0,77,0.2718815234574405,TCCCGTGTGCGCTCGGCGGGGAGGACGCGGTGGCGGCGGGA,0.7281361709941517,Example 1(SGIP1)
77,0.0,78,0.9999808452346108,CCGTGTGCGCTCGGCGGGGAGGACGCGGTGGCGGCGGGACT,1.8778172406283293e-05,Example 1(SGIP1)
78,1.0,79,0.22827015681700272,CGTGTGCGCTCGGCGGGGAGGACGCGGTGGCGGCGGGACTC,0.7710930109024048,Example 1(SGIP1)
79,0.0,80,0.9981903596357866,GTGCGCTCGGCGGGGAGGACGCGGTGGCGGCGGGACTCGAA,0.0016285045580430465,Example 1(SGIP1)
80,1.0,81,0.1153681142763658,GCGCTCGGCGGGGAGGACGCGGTGGCGGCGGGACTCGAACT,0.8840906620025635,Example 1(SGIP1)
81,1.0,82,0.23559188571843234,CGCTCGGCGGGGAGGACGCGGTGGCGGCGGGACTCGAACTC,0.7638925422321666,Example 1(SGIP1)
82,0.0,83,0.4129416915503415,CTCGGCGGGGAGGACGCGGTGGCGGCGGGACTCGAACTCGG,0.5867167684164915,Example 1(SGIP1)
83,0.0,84,0.391242653131485,TCGGCGGGGAGGACGCGGTGGCGGCGGGACTCGAACTCGGT,0.6095166477290067,Example 1(SGIP1)
84,0.0,85,0.9999996315349232,GGCGGGGAGGACGCGGTGGCGGCGGGACTCGAACTCGGTCG,3.332441503351385e-07,Example 1(SGIP1)
85,0.0,86,0.9999956109307029,GCGGGGAGGACGCGGTGGCGGCGGGACTCGAACTCGGTCGT,4.654580896550959e-06,Example 1(SGIP1)
86,0.0,87,0.9995739730921659,GGGGAGGACGCGGTGGCGGCGGGACTCGAACTCGGTCGTCG,0.00034389712593772197,Example 1(SGIP1)
87,1.0,88,0.10074436122720892,GGGAGGACGCGGTGGCGGCGGGACTCGAACTCGGTCGTCGA,0.8989910916848616,Example 1(SGIP1)
88,0.0,89,0.9999770359559492,GGAGGACGCGGTGGCGGCGGGACTCGAACTCGGTCGTCGAA,2.4210322986949574e-05,Example 1(SGIP1)
89,0.0,90,0.9999990571628917,ACGCGGTGGCGGCGGGACTCGAACTCGGTCGTCGAAGGGCG,8.317557248202238e-07,Example 1(SGIP1)
90,0.0,91,0.968421296639876,TGGCGGCGGGACTCGAACTCGGTCGTCGAAGGGCGCCCCGC,0.0334451442415064,Example 1(SGIP1)
91,1.0,92,0.08127581260421059,GGCGGCGGGACTCGAACTCGGTCGTCGAAGGGCGCCCCGCA,0.9185646989128806,Example 1(SGIP1)
92,0.0,93,0.9963311986489729,GGCGGGACTCGAACTCGGTCGTCGAAGGGCGCCCCGCAGGG,0.0033157413656061344,Example 1(SGIP1)
93,0.0,94,0.9999269843101501,GGGACTCGAACTCGGTCGTCGAAGGGCGCCCCGCAGGGTCC,7.333538749001242e-05,Example 1(SGIP1)
94,0.0,95,0.9984492226080461,ACTCGAACTCGGTCGTCGAAGGGCGCCCCGCAGGGTCCCGT,0.0016706856814297762,Example 1(SGIP1)
95,1.0,96,0.03910167921673168,CTCGAACTCGGTCGTCGAAGGGCGCCCCGCAGGGTCCCGTC,0.961004148830067,Example 1(SGIP1)
96,1.0,97,0.21876234087077054,TCGAACTCGGTCGTCGAAGGGCGCCCCGCAGGGTCCCGTCT,0.7818944345821034,Example 1(SGIP1)
97,0.0,98,0.6759251518683,GAACTCGGTCGTCGAAGGGCGCCCCGCAGGGTCCCGTCTGT,0.3258402672680942,Example 1(SGIP1)
98,0.0,99,0.9999989108605818,CGGTCGTCGAAGGGCGCCCCGCAGGGTCCCGTCTGTAGCCC,7.260929454456676e-07,Example 1(SGIP1)
99,0.0,100,0.969177945093675,TCGTCGAAGGGCGCCCCGCAGGGTCCCGTCTGTAGCCCGGA,0.03284200213172219,Example 1(SGIP1)
100,0.0,101,0.9999298561703075,CGTCGAAGGGCGCCCCGCAGGGTCCCGTCTGTAGCCCGGAC,8.410486308011141e-05,Example 1(SGIP1)
101,0.0,102,0.9999917149543762,GTCGAAGGGCGCCCCGCAGGGTCCCGTCTGTAGCCCGGACG,9.56925478848544e-06,Example 1(SGIP1)
102,1.0,103,0.07561048594388095,AGGGCGCCCCGCAGGGTCCCGTCTGTAGCCCGGACGGCGAG,0.9240320162339644,Example 1(SGIP1)
103,1.0,104,0.37558423389088025,CGCCCCGCAGGGTCCCGTCTGTAGCCCGGACGGCGAGCCCA,0.6251098351045088,Example 1(SGIP1)
104,0.0,105,0.9998986016620289,CCCGCAGGGTCCCGTCTGTAGCCCGGACGGCGAGCCCAGGT,0.00011176683685996316,Example 1(SGIP1)
105,0.0,106,0.9999994798140093,CAGGGTCCCGTCTGTAGCCCGGACGGCGAGCCCAGGTTGGA,6.448138843883168e-07,Example 1(SGIP1)
106,0.0,107,0.9999402111226862,AGGGTCCCGTCTGTAGCCCGGACGGCGAGCCCAGGTTGGAG,4.991888999938965e-05,Example 1(SGIP1)
107,0.0,108,0.9999822269786488,GTCCCGTCTGTAGCCCGGACGGCGAGCCCAGGTTGGAGTGG,1.4091079885309393e-05,Example 1(SGIP1)
108,1.0,109,0.2344128354029222,TCCCGTCTGTAGCCCGGACGGCGAGCCCAGGTTGGAGTGGG,0.764719919724898,Example 1(SGIP1)
109,0.0,110,0.9999995014884255,CCGTCTGTAGCCCGGACGGCGAGCCCAGGTTGGAGTGGGAG,7.775696841153231e-07,Example 1(SGIP1)
110,0.0,111,0.9999983690001748,GTCTGTAGCCCGGACGGCGAGCCCAGGTTGGAGTGGGAGGG,1.6770579598166726e-06,Example 1(SGIP1)
111,0.0,112,0.99990529905666,TAGCCCGGACGGCGAGCCCAGGTTGGAGTGGGAGGGAGCCG,8.544054898348722e-05,Example 1(SGIP1)
112,0.0,113,0.9999964128841053,AGCCCGGACGGCGAGCCCAGGTTGGAGTGGGAGGGAGCCGG,2.885406667535955e-06,Example 1(SGIP1)
113,1.0,114,0.10718176581642845,CCGGACGGCGAGCCCAGGTTGGAGTGGGAGGGAGCCGGCGT,0.8918043862689625,Example 1(SGIP1)
114,0.0,115,0.9999938390471719,CGGACGGCGAGCCCAGGTTGGAGTGGGAGGGAGCCGGCGTG,6.209720264781605e-06,Example 1(SGIP1)
115,0.0,116,0.9753102335062894,GACGGCGAGCCCAGGTTGGAGTGGGAGGGAGCCGGCGTGCA,0.02426224946975708,Example 1(SGIP1)
116,0.0,117,0.999999772418629,CGGCGAGCCCAGGTTGGAGTGGGAGGGAGCCGGCGTGCACA,2.682209014892578e-07,Example 1(SGIP1)
117,0.0,118,0.9999962936748158,GGCGAGCCCAGGTTGGAGTGGGAGGGAGCCGGCGTGCACAG,3.5112554376775567e-06,Example 1(SGIP1)
118,0.0,119,0.9999990517442877,GCGAGCCCAGGTTGGAGTGGGAGGGAGCCGGCGTGCACAGC,8.778138594193892e-07,Example 1(SGIP1)
119,0.0,120,0.9999967380003496,GAGCCCAGGTTGGAGTGGGAGGGAGCCGGCGTGCACAGCTG,4.1452321139248935e-06,Example 1(SGIP1)
120,0.0,121,0.9999984773722562,AGCCCAGGTTGGAGTGGGAGGGAGCCGGCGTGCACAGCTGT,1.3952905481511897e-06,Example 1(SGIP1)
121,0.0,122,0.9999998862093146,GCCCAGGTTGGAGTGGGAGGGAGCCGGCGTGCACAGCTGTC,1.1649998751553622e-07,Example 1(SGIP1)
122,0.0,123,0.9996336752718146,CCAGGTTGGAGTGGGAGGGAGCCGGCGTGCACAGCTGTCTT,0.0003880695863203569,Example 1(SGIP1)
123,0.0,124,0.9999955513260581,GGTTGGAGTGGGAGGGAGCCGGCGTGCACAGCTGTCTTTGG,4.475766962224787e-06,Example 1(SGIP1)
124,0.0,125,0.9999997615814209,GTTGGAGTGGGAGGGAGCCGGCGTGCACAGCTGTCTTTGGT,2.1132555874911221e-07,Example 1(SGIP1)
125,0.0,126,0.9999991330233488,TGGAGTGGGAGGGAGCCGGCGTGCACAGCTGTCTTTGGTCG,5.71662729436701e-07,Example 1(SGIP1)
126,0.0,127,0.9995626482096586,GAGTGGGAGGGAGCCGGCGTGCACAGCTGTCTTTGGTCGGG,0.000542218034917658,Example 1(SGIP1)
127,0.0,128,0.9999995177442377,GGAGGGAGCCGGCGTGCACAGCTGTCTTTGGTCGGGCTCAG,5.147673866965554e-07,Example 1(SGIP1)
128,0.0,129,0.9999995665116743,GGGAGCCGGCGTGCACAGCTGTCTTTGGTCGGGCTCAGGCT,3.6846507679332385e-07,Example 1(SGIP1)
129,0.0,130,0.9999823841181669,CGGCGTGCACAGCTGTCTTTGGTCGGGCTCAGGCTTCCGCT,1.1899254538796164e-05,Example 1(SGIP1)
130,0.0,131,0.9132484143430536,GGCGTGCACAGCTGTCTTTGGTCGGGCTCAGGCTTCCGCTC,0.08598913116888567,Example 1(SGIP1)
131,0.0,132,0.4096812822602012,GTGCACAGCTGTCTTTGGTCGGGCTCAGGCTTCCGCTCCCT,0.5899877710775896,Example 1(SGIP1)
132,0.0,133,0.9999984394420277,TGCACAGCTGTCTTTGGTCGGGCTCAGGCTTCCGCTCCCTG,1.6066161069003018e-06,Example 1(SGIP1)
133,0.0,134,0.9999995610930703,GCACAGCTGTCTTTGGTCGGGCTCAGGCTTCCGCTCCCTGC,3.549185666170987e-07,Example 1(SGIP1)
134,0.0,135,0.9999998374418779,GCTGTCTTTGGTCGGGCTCAGGCTTCCGCTCCCTGCCTGCT,1.1108138344504616e-07,Example 1(SGIP1)
135,0.0,136,0.9999999783255837,CTGTCTTTGGTCGGGCTCAGGCTTCCGCTCCCTGCCTGCTC,1.3546510176225142e-08,Example 1(SGIP1)
136,0.0,137,0.30770606886256824,TTGGTCGGGCTCAGGCTTCCGCTCCCTGCCTGCTCCCCTTT,0.6914528418671001,Example 1(SGIP1)
137,0.0,138,0.9999951666051691,GGCTCAGGCTTCCGCTCCCTGCCTGCTCCCCTTTCCAGCCT,4.901127381758257e-06,Example 1(SGIP1)
138,1.0,139,0.15068792213093152,CAGGCTTCCGCTCCCTGCCTGCTCCCCTTTCCAGCCTCCCG,0.8478021350773898,Example 1(SGIP1)
139,0.0,140,0.43569414994933386,CCTGCCTGCTCCCCTTTCCAGCCTCCCGCCCCAGAAACGAT,0.5640816742723639,Example 1(SGIP1)
140,0.0,141,0.9999991709535773,GCTCCCCTTTCCAGCCTCCCGCCCCAGAAACGATCTCGAGC,6.962906230579723e-07,Example 1(SGIP1)
141,0.0,142,0.9978785189715299,CTTTCCAGCCTCCCGCCCCAGAAACGATCTCGAGCGTTGCC,0.002265290780500932,Example 1(SGIP1)
142,0.0,143,0.9999861771410162,CAGCCTCCCGCCCCAGAAACGATCTCGAGCGTTGCCAGTTT,1.1148777875033291e-05,Example 1(SGIP1)
143,0.0,144,0.9967055049809542,CCCGCCCCAGAAACGATCTCGAGCGTTGCCAGTTTGATTCC,0.0033435144207694316,Example 1(SGIP1)
144,0.0,145,0.9999797235835682,CGCCCCAGAAACGATCTCGAGCGTTGCCAGTTTGATTCCAG,1.6537579623135652e-05,Example 1(SGIP1)
145,0.0,146,0.9999958981167186,CCCCAGAAACGATCTCGAGCGTTGCCAGTTTGATTCCAGAG,2.8908252716064453e-06,Example 1(SGIP1)
146,0.0,147,0.9994679906151511,CAGAAACGATCTCGAGCGTTGCCAGTTTGATTCCAGAGCCC,0.00047143751924688166,Example 1(SGIP1)
147,0.0,148,0.9999999566511675,AACGATCTCGAGCGTTGCCAGTTTGATTCCAGAGCCCCACT,4.3348832563920456e-08,Example 1(SGIP1)
148,0.0,149,0.9999874938618053,ATCTCGAGCGTTGCCAGTTTGATTCCAGAGCCCCACTCGGG,1.4218417080965908e-05,Example 1(SGIP1)
149,1.0,150,0.23774812980131668,GCGTTGCCAGTTTGATTCCAGAGCCCCACTCGGGTGGGTTC,0.7602217739278619,Example 1(SGIP1)
150,0.0,151,0.9996573383157904,GTTGCCAGTTTGATTCCAGAGCCCCACTCGGGTGGGTTCTT,0.00028378313237970525,Example 1(SGIP1)
151,0.0,152,0.9999525167725303,TTGATTCCAGAGCCCCACTCGGGTGGGTTCTTTTGTTTCTT,3.913857720114968e-05,Example 1(SGIP1)
152,0.0,153,0.9999999783255837,TGATTCCAGAGCCCCACTCGGGTGGGTTCTTTTGTTTCTTT,3.251162442294034e-08,Example 1(SGIP1)
153,0.0,154,0.999998618255962,GATTCCAGAGCCCCACTCGGGTGGGTTCTTTTGTTTCTTTG,1.1975114995783025e-06,Example 1(SGIP1)
154,0.0,155,0.9999979300932451,TTCCAGAGCCCCACTCGGGTGGGTTCTTTTGTTTCTTTGTT,1.4007091522216797e-06,Example 1(SGIP1)
155,0.0,156,0.9999999078837308,TCCAGAGCCCCACTCGGGTGGGTTCTTTTGTTTCTTTGTTT,1.0566277937455611e-07,Example 1(SGIP1)
156,0.0,157,0.9999969059770758,CCAGAGCCCCACTCGGGTGGGTTCTTTTGTTTCTTTGTTTT,2.955848520452326e-06,Example 1(SGIP1)
157,0.0,158,0.9999998862093146,CCACTCGGGTGGGTTCTTTTGTTTCTTTGTTTTAATGACAG,9.482557123357599e-08,Example 1(SGIP1)
158,0.0,159,0.9999997995116494,GTGGGTTCTTTTGTTTCTTTGTTTTAATGACAGTTCCCAGC,1.3004649769176135e-07,Example 1(SGIP1)
159,0.0,160,0.9999996477907355,TTTTGTTTCTTTGTTTTAATGACAGTTCCCAGCCCTTCAGC,3.034418279474432e-07,Example 1(SGIP1)
160,0.0,161,0.9999583038416776,GTTTCTTTGTTTTAATGACAGTTCCCAGCCCTTCAGCATGT,2.8111717917702414e-05,Example 1(SGIP1)
161,0.0,162,0.9999996532093395,TGTTTTAATGACAGTTCCCAGCCCTTCAGCATGTCATGCGC,5.093487826260653e-07,Example 1(SGIP1)
162,0.0,163,0.5843114202672784,TGACAGTTCCCAGCCCTTCAGCATGTCATGCGCAATTAATT,0.41581100767309015,Example 1(SGIP1)
163,0.0,164,0.9999978054653514,AGTTCCCAGCCCTTCAGCATGTCATGCGCAATTAATTCCCT,1.4846975153142756e-06,Example 1(SGIP1)
164,0.0,165,0.9999998916279186,CCAGCCCTTCAGCATGTCATGCGCAATTAATTCCCTGGCTC,1.0566277937455611e-07,Example 1(SGIP1)
165,0.0,166,0.9999971118840304,AGCCCTTCAGCATGTCATGCGCAATTAATTCCCTGGCTCTC,2.5223601948131216e-06,Example 1(SGIP1)
166,0.0,167,0.9999455701221119,TCATGCGCAATTAATTCCCTGGCTCTCACGAAGGCAGCTGG,5.0983645699240945e-05,Example 1(SGIP1)
167,0.0,168,0.9999995665116743,CATGCGCAATTAATTCCCTGGCTCTCACGAAGGCAGCTGGG,3.3595345237038354e-07,Example 1(SGIP1)
168,0.0,169,0.999999306418679,ATTAATTCCCTGGCTCTCACGAAGGCAGCTGGGGTGAAATT,8.615580472079191e-07,Example 1(SGIP1)
169,0.0,170,0.9999675371430137,AATTCCCTGGCTCTCACGAAGGCAGCTGGGGTGAAATTTCT,2.8650869022716176e-05,Example 1(SGIP1)
170,0.0,171,0.4750571548938751,ATTCCCTGGCTCTCACGAAGGCAGCTGGGGTGAAATTTCTT,0.5254863473502073,Example 1(SGIP1)
171,0.0,172,0.9999934760006991,CCCTGGCTCTCACGAAGGCAGCTGGGGTGAAATTTCTTCTG,5.3725459358908916e-06,Example 1(SGIP1)
172,0.0,173,0.9999997128139843,TGGCTCTCACGAAGGCAGCTGGGGTGAAATTTCTTCTGCAT,3.0615112998268823e-07,Example 1(SGIP1)
173,0.0,174,0.9998708150603555,GGCTCTCACGAAGGCAGCTGGGGTGAAATTTCTTCTGCATC,0.00010359829122369939,Example 1(SGIP1)
174,0.0,175,0.999992386861281,GCTCTCACGAAGGCAGCTGGGGTGAAATTTCTTCTGCATCA,7.5508247722278945e-06,Example 1(SGIP1)
175,0.0,176,0.999998769976876,CTCTCACGAAGGCAGCTGGGGTGAAATTTCTTCTGCATCAT,1.1135231364857068e-06,Example 1(SGIP1)
176,0.0,177,0.9999981197443876,CTCACGAAGGCAGCTGGGGTGAAATTTCTTCTGCATCATCC,1.5795230865478516e-06,Example 1(SGIP1)
177,0.0,178,0.9999999891627919,GCTGGGGTGAAATTTCTTCTGCATCATCCTTTTGGGGATGT,8.127906105735085e-09,Example 1(SGIP1)
178,0.0,179,0.9999903440475464,TTCTTCTGCATCATCCTTTTGGGGATGTTTATGATGTGACG,7.393685254183683e-06,Example 1(SGIP1)
179,0.0,180,0.785642764785073,TCTTCTGCATCATCCTTTTGGGGATGTTTATGATGTGACGT,0.21265844052488153,Example 1(SGIP1)
180,0.0,181,0.9999998157674616,CTTCTGCATCATCCTTTTGGGGATGTTTATGATGTGACGTC,1.815232363614169e-07,Example 1(SGIP1)
181,0.0,182,0.6201774992726066,TTCTGCATCATCCTTTTGGGGATGTTTATGATGTGACGTCA,0.37385899099436676,Example 1(SGIP1)
182,0.0,183,0.9999978704886003,TGCATCATCCTTTTGGGGATGTTTATGATGTGACGTCAGTC,2.554871819236062e-06,Example 1(SGIP1)
183,0.0,184,0.9999831427227367,ATCCTTTTGGGGATGTTTATGATGTGACGTCAGTCGGATTG,2.152540467002175e-05,Example 1(SGIP1)
184,0.0,185,0.9999262419613925,CTTTTGGGGATGTTTATGATGTGACGTCAGTCGGATTGATT,8.164210753007369e-05,Example 1(SGIP1)
185,0.0,186,0.412418471141295,TTTGGGGATGTTTATGATGTGACGTCAGTCGGATTGATTTT,0.5858904069120233,Example 1(SGIP1)
186,0.0,187,0.5070984661579132,GGGGATGTTTATGATGTGACGTCAGTCGGATTGATTTTTCT,0.4910829283974387,Example 1(SGIP1)
187,0.0,188,0.9998243451118469,ATGTTTATGATGTGACGTCAGTCGGATTGATTTTTCTCTCT,0.00015117092566056684,Example 1(SGIP1)
188,0.0,189,0.9999384771693837,TTTATGATGTGACGTCAGTCGGATTGATTTTTCTCTCTTGA,5.2574005993929774e-05,Example 1(SGIP1)
189,0.0,190,0.9999680573290045,TTATGATGTGACGTCAGTCGGATTGATTTTTCTCTCTTGAA,2.834742719476873e-05,Example 1(SGIP1)
190,0.0,191,0.44787867773662915,GATGTGACGTCAGTCGGATTGATTTTTCTCTCTTGAATGAA,0.5513245598836378,Example 1(SGIP1)
191,0.0,192,0.999999691139568,CGGATTGATTTTTCTCTCTTGAATGAAGGATGGGAGGGGAG,2.0590695467862216e-07,Example 1(SGIP1)
192,0.0,193,0.9999999458139593,TTGATTTTTCTCTCTTGAATGAAGGATGGGAGGGGAGAAAG,4.8767436634410514e-08,Example 1(SGIP1)
193,0.0,194,0.9999999349767511,ATTTTTCTCTCTTGAATGAAGGATGGGAGGGGAGAAAGAGA,7.315115495161577e-08,Example 1(SGIP1)
194,0.0,195,0.9999966621398926,TTTTTCTCTCTTGAATGAAGGATGGGAGGGGAGAAAGAGAG,2.5359067049893467e-06,Example 1(SGIP1)
195,0.0,196,0.9999996803023599,TTCTCTCTTGAATGAAGGATGGGAGGGGAGAAAGAGAGACG,3.3866275440562854e-07,Example 1(SGIP1)
196,0.0,197,0.9999983852559869,TCTCTCTTGAATGAAGGATGGGAGGGGAGAAAGAGAGACGG,2.1403486078435723e-06,Example 1(SGIP1)
197,0.0,198,0.9999935518611561,CTCTCTTGAATGAAGGATGGGAGGGGAGAAAGAGAGACGGA,5.139545960859819e-06,Example 1(SGIP1)
198,0.0,199,0.9991167350248857,CTCTTGAATGAAGGATGGGAGGGGAGAAAGAGAGACGGAGA,0.0009275512261824174,Example 1(SGIP1)
199,0.0,200,0.9999925006519664,TCTTGAATGAAGGATGGGAGGGGAGAAAGAGAGACGGAGAG,8.374452590942383e-06,Example 1(SGIP1)
200,0.0,201,0.999946420842951,CTTGAATGAAGGATGGGAGGGGAGAAAGAGAGACGGAGAGA,4.225698384371671e-05,Example 1(SGIP1)
201,0.0,202,0.9999995936046947,TTGAATGAAGGATGGGAGGGGAGAAAGAGAGACGGAGAGAG,3.034418279474432e-07,Example 1(SGIP1)
202,1.0,203,0.04070290923118591,GAATGAAGGATGGGAGGGGAGAAAGAGAGACGGAGAGAGAG,0.9592096751386469,Example 1(SGIP1)
203,0.0,204,0.9999865022572604,GAAGGATGGGAGGGGAGAAAGAGAGACGGAGAGAGAGAGAG,1.3104893944480203e-05,Example 1(SGIP1)
204,0.0,205,0.9999877160245721,AGGATGGGAGGGGAGAAAGAGAGACGGAGAGAGAGAGAGAC,1.3877045024525035e-05,Example 1(SGIP1)
205,0.0,206,0.9999411756342108,GATGGGAGGGGAGAAAGAGAGACGGAGAGAGAGAGAGACGC,5.6819482283158735e-05,Example 1(SGIP1)
206,1.0,207,0.06721853938969699,GGGAGGGGAGAAAGAGAGACGGAGAGAGAGAGAGACGCACA,0.9324177503585815,Example 1(SGIP1)
207,0.0,208,0.9999990842559121,GGAGGGGAGAAAGAGAGACGGAGAGAGAGAGAGACGCACAG,9.021975777365945e-07,Example 1(SGIP1)
208,0.0,209,0.9999490867961537,AGGGGAGAAAGAGAGACGGAGAGAGAGAGAGACGCACAGAT,4.155527461658824e-05,Example 1(SGIP1)
209,0.0,210,0.8415044004266913,GGGAGAAAGAGAGACGGAGAGAGAGAGAGACGCACAGATGT,0.1529880247332833,Example 1(SGIP1)
210,0.0,211,0.9999998320232738,GAGAAAGAGAGACGGAGAGAGAGAGAGACGCACAGATGTGC,1.0024417530406605e-07,Example 1(SGIP1)
211,0.0,212,0.999998851255937,GAAAGAGAGACGGAGAGAGAGAGAGACGCACAGATGTGCAC,8.58848745172674e-07,Example 1(SGIP1)
212,0.0,213,0.99999830939553,AAGAGAGACGGAGAGAGAGAGAGACGCACAGATGTGCACGG,2.1376393058083276e-06,Example 1(SGIP1)
213,0.0,214,0.999953649260781,GAGAGACGGAGAGAGAGAGAGACGCACAGATGTGCACGGAG,4.805218089710582e-05,Example 1(SGIP1)
214,0.0,215,0.9999969168142839,AGACGGAGAGAGAGAGAGACGCACAGATGTGCACGGAGGCC,3.554604270241477e-06,Example 1(SGIP1)
215,0.0,216,0.9999993280930952,GAGAGAGAGAGAGACGCACAGATGTGCACGGAGGCCACAGA,9.5367431640625e-07,Example 1(SGIP1)
216,0.0,217,0.9999999403953552,AGAGAGAGAGACGCACAGATGTGCACGGAGGCCACAGACAC,8.940696716308594e-08,Example 1(SGIP1)
217,0.0,218,0.999999924139543,AGAGAGAGACGCACAGATGTGCACGGAGGCCACAGACACTG,8.127906105735085e-08,Example 1(SGIP1)
218,1.0,219,0.18600414557890457,AGAGACGCACAGATGTGCACGGAGGCCACAGACACTGACAT,0.8120096867734735,Example 1(SGIP1)
219,0.0,220,0.9999999891627919,GAGACGCACAGATGTGCACGGAGGCCACAGACACTGACATT,2.7093020352450285e-09,Example 1(SGIP1)
220,0.0,221,0.5310098826885223,GACGCACAGATGTGCACGGAGGCCACAGACACTGACATTTG,0.46760181134397333,Example 1(SGIP1)
221,0.0,222,0.9999931237914346,ACGCACAGATGTGCACGGAGGCCACAGACACTGACATTTGG,4.611232063987038e-06,Example 1(SGIP1)
222,0.0,223,0.9983031695539301,AGATGTGCACGGAGGCCACAGACACTGACATTTGGAATTCC,0.0015039931644092906,Example 1(SGIP1)
223,0.0,224,0.999999696558172,GCACGGAGGCCACAGACACTGACATTTGGAATTCCTTCAGG,2.8447671370072797e-07,Example 1(SGIP1)
224,0.0,225,0.999999235976826,GGCCACAGACACTGACATTTGGAATTCCTTCAGGGTAAAAG,6.095929579301314e-07,Example 1(SGIP1)
225,0.0,226,0.9999997073953802,GCCACAGACACTGACATTTGGAATTCCTTCAGGGTAAAAGG,2.8176741166548297e-07,Example 1(SGIP1)
226,0.0,227,0.9999773610721935,TGACATTTGGAATTCCTTCAGGGTAAAAGGACACCGGAATG,1.8309463154185902e-05,Example 1(SGIP1)
227,0.0,228,0.6304281895810907,GACATTTGGAATTCCTTCAGGGTAAAAGGACACCGGAATGG,0.3715790266340429,Example 1(SGIP1)
228,0.0,229,0.9999998807907104,ACATTTGGAATTCCTTCAGGGTAAAAGGACACCGGAATGGG,1.2733719565651633e-07,Example 1(SGIP1)
229,0.0,230,0.9999998320232738,GGAATTCCTTCAGGGTAAAAGGACACCGGAATGGGAGCTTA,1.815232363614169e-07,Example 1(SGIP1)
230,0.0,231,0.9999999458139593,GAATTCCTTCAGGGTAAAAGGACACCGGAATGGGAGCTTAG,2.1674416281960228e-08,Example 1(SGIP1)
231,0.0,232,0.9996611313386397,CTTCAGGGTAAAAGGACACCGGAATGGGAGCTTAGAAGTGT,0.0002896270968697288,Example 1(SGIP1)
232,0.0,233,0.9999999729069796,TTCAGGGTAAAAGGACACCGGAATGGGAGCTTAGAAGTGTG,4.3348832563920456e-08,Example 1(SGIP1)
233,0.0,234,0.9999999566511675,GGGTAAAAGGACACCGGAATGGGAGCTTAGAAGTGTGTTGC,4.063953052867542e-08,Example 1(SGIP1)
234,0.0,235,0.9999903603033586,GGTAAAAGGACACCGGAATGGGAGCTTAGAAGTGTGTTGCT,9.907917542891068e-06,Example 1(SGIP1)
235,0.0,236,0.9999554536559365,GTAAAAGGACACCGGAATGGGAGCTTAGAAGTGTGTTGCTA,4.167719320817427e-05,Example 1(SGIP1)
236,0.0,237,0.9997721043500033,AAAAGGACACCGGAATGGGAGCTTAGAAGTGTGTTGCTAAG,0.00019366361878134987,Example 1(SGIP1)
237,0.0,238,0.9999999783255837,GACACCGGAATGGGAGCTTAGAAGTGTGTTGCTAAGATTTC,4.063953052867542e-08,Example 1(SGIP1)
238,0.0,239,0.9999963261864402,ACCGGAATGGGAGCTTAGAAGTGTGTTGCTAAGATTTCCGG,4.334883256392046e-06,Example 1(SGIP1)
239,0.0,240,0.9998293573206122,CGGAATGGGAGCTTAGAAGTGTGTTGCTAAGATTTCCGGCT,0.0001533871347253973,Example 1(SGIP1)
240,1.0,241,0.19323630495504898,GAATGGGAGCTTAGAAGTGTGTTGCTAAGATTTCCGGCTGC,0.8063230622898448,Example 1(SGIP1)
241,0.0,242,0.9999999674883756,TGGGAGCTTAGAAGTGTGTTGCTAAGATTTCCGGCTGCACG,2.9802322387695312e-08,Example 1(SGIP1)
242,0.0,243,0.9999999566511675,GCTTAGAAGTGTGTTGCTAAGATTTCCGGCTGCACGGAATT,2.7093020352450283e-08,Example 1(SGIP1)
243,0.0,244,0.9999998807907104,AGTGTGTTGCTAAGATTTCCGGCTGCACGGAATTATTAAGT,1.137906854802912e-07,Example 1(SGIP1)
244,0.0,245,0.9999892332337119,GTGTGTTGCTAAGATTTCCGGCTGCACGGAATTATTAAGTT,1.2362545186823064e-05,Example 1(SGIP1)
245,0.0,246,0.9999988404187289,TGTTGCTAAGATTTCCGGCTGCACGGAATTATTAAGTTTTT,1.435930078679865e-06,Example 1(SGIP1)
246,1.0,247,0.11577186259356412,GCTAAGATTTCCGGCTGCACGGAATTATTAAGTTTTTCTTA,0.884165574203838,Example 1(SGIP1)
247,0.0,248,0.9999998428604819,CTAAGATTTCCGGCTGCACGGAATTATTAAGTTTTTCTTAA,2.004883506081321e-07,Example 1(SGIP1)
248,0.0,249,0.9999999349767511,CGGCTGCACGGAATTATTAAGTTTTTCTTAAAAAAACAAAA,7.58604569868608e-08,Example 1(SGIP1)
249,0.0,250,0.9999952478842302,TTCTTAAAAAAACAAAAAAAGAAAGAAAGAAAGAAAAAGAA,5.177476189353249e-06,Example 1(SGIP1)
250,0.0,251,0.7380338257009332,TAAAAAAACAAAAAAAGAAAGAAAGAAAGAAAAAGAAAAGA,0.2628819617358121,Example 1(SGIP1)
251,0.0,252,0.5675096430561759,AAAACAAAAAAAGAAAGAAAGAAAGAAAAAGAAAAGAACCC,0.4285044046965512,Example 1(SGIP1)
252,0.0,253,0.6021275357766585,CAAAAAAAGAAAGAAAGAAAGAAAAAGAAAAGAACCCCCTC,0.3954642713069916,Example 1(SGIP1)
253,1.0,254,0.305282787843184,AAGAAAGAAAGAAAGAAAAAGAAAAGAACCCCCTCCGCAGC,0.694609441540458,Example 1(SGIP1)
254,0.0,255,0.9987874735485424,AGAAAGAAAGAAAAAGAAAAGAACCCCCTCCGCAGCGAGCC,0.0010294399478218772,Example 1(SGIP1)
255,0.0,256,0.9999397830529646,AAAAGAAAAGAACCCCCTCCGCAGCGAGCCACTTAGGTGCT,5.748867988586426e-05,Example 1(SGIP1)
256,0.0,257,0.9961348501118746,AGAAAAGAACCCCCTCCGCAGCGAGCCACTTAGGTGCTGCT,0.0039958222345872355,Example 1(SGIP1)
257,0.0,258,0.9999975833025846,AAAAGAACCCCCTCCGCAGCGAGCCACTTAGGTGCTGCTTT,3.4083019603382456e-06,Example 1(SGIP1)
258,0.0,259,0.9999970468607816,AAGAACCCCCTCCGCAGCGAGCCACTTAGGTGCTGCTTTCA,3.33515080538663e-06,Example 1(SGIP1)
259,0.0,260,0.5568631237203424,CCTCCGCAGCGAGCCACTTAGGTGCTGCTTTCACGCCAGAG,0.4424140019850297,Example 1(SGIP1)
260,0.0,261,0.9994536475701765,CTCCGCAGCGAGCCACTTAGGTGCTGCTTTCACGCCAGAGT,0.0005594031377272172,Example 1(SGIP1)
261,0.0,262,0.9995451623743231,CCGCAGCGAGCCACTTAGGTGCTGCTTTCACGCCAGAGTCC,0.0004873925989324396,Example 1(SGIP1)
262,0.0,263,0.9999953508377075,CAGCGAGCCACTTAGGTGCTGCTTTCACGCCAGAGTCCCCT,4.196708852594549e-06,Example 1(SGIP1)
263,0.0,264,0.9999815821647644,CACTTAGGTGCTGCTTTCACGCCAGAGTCCCCTGTTAAGGT,2.0081346685236152e-05,Example 1(SGIP1)
264,0.0,265,0.9999986453489824,TAGGTGCTGCTTTCACGCCAGAGTCCCCTGTTAAGGTGGCA,1.048499887639826e-06,Example 1(SGIP1)
265,0.0,266,0.9999989596280184,GGTGCTGCTTTCACGCCAGAGTCCCCTGTTAAGGTGGCAGC,8.859417655251243e-07,Example 1(SGIP1)
266,0.0,267,0.9999998807907104,CTTTCACGCCAGAGTCCCCTGTTAAGGTGGCAGCCCTTGAT,1.2191859158602628e-07,Example 1(SGIP1)
267,0.0,268,0.9999905824661255,ACGCCAGAGTCCCCTGTTAAGGTGGCAGCCCTTGATAACTA,7.943673567338424e-06,Example 1(SGIP1)
268,0.0,269,0.999999306418679,CGCCAGAGTCCCCTGTTAAGGTGGCAGCCCTTGATAACTAA,6.177208640358665e-07,Example 1(SGIP1)
269,0.0,270,0.9999774369326505,CCAGAGTCCCCTGTTAAGGTGGCAGCCCTTGATAACTAATC,2.0187009464610707e-05,Example 1(SGIP1)
270,0.0,271,0.999998623674566,CAGAGTCCCCTGTTAAGGTGGCAGCCCTTGATAACTAATCT,9.61802222511985e-07,Example 1(SGIP1)
271,0.0,272,0.9999999458139593,AGTCCCCTGTTAAGGTGGCAGCCCTTGATAACTAATCTCGG,5.4186040704900566e-08,Example 1(SGIP1)
272,0.0,273,0.9999998645348982,CTGTTAAGGTGGCAGCCCTTGATAACTAATCTCGGGCACCC,1.0024417530406605e-07,Example 1(SGIP1)
273,0.0,274,0.9999915144660256,AGCCCTTGATAACTAATCTCGGGCACCCAGCCGCTTCTGTA,7.250092246315696e-06,Example 1(SGIP1)
274,0.0,275,0.9999998157674616,GCCCTTGATAACTAATCTCGGGCACCCAGCCGCTTCTGTAA,2.3570927706631747e-07,Example 1(SGIP1)
275,0.0,276,0.9999961365352977,CCCTTGATAACTAATCTCGGGCACCCAGCCGCTTCTGTAAG,2.9693950306285513e-06,Example 1(SGIP1)
276,0.0,277,0.9999990950931202,TAACTAATCTCGGGCACCCAGCCGCTTCTGTAAGCTTAAGG,8.371743288907137e-07,Example 1(SGIP1)
277,0.0,278,0.9999999620697715,CTAATCTCGGGCACCCAGCCGCTTCTGTAAGCTTAAGGAGA,3.522092645818537e-08,Example 1(SGIP1)
278,0.0,279,0.9999991384419528,TCGGGCACCCAGCCGCTTCTGTAAGCTTAAGGAGACGACGA,8.778138594193892e-07,Example 1(SGIP1)
279,0.0,280,0.9999929774891246,GCACCCAGCCGCTTCTGTAAGCTTAAGGAGACGACGAGGAG,5.453824996948242e-06,Example 1(SGIP1)
280,0.0,281,0.9997922236269171,AGCCGCTTCTGTAAGCTTAAGGAGACGACGAGGAGGGGCGG,0.00016408345916054466,Example 1(SGIP1)
281,0.0,282,0.9999886371872642,GCCGCTTCTGTAAGCTTAAGGAGACGACGAGGAGGGGCGGG,8.707696741277521e-06,Example 1(SGIP1)
282,0.0,283,0.9999907558614557,CGCTTCTGTAAGCTTAAGGAGACGACGAGGAGGGGCGGGGG,1.045248725197532e-05,Example 1(SGIP1)
283,0.0,284,0.9999992522326383,TTCTGTAAGCTTAAGGAGACGACGAGGAGGGGCGGGGGAAG,5.74372031471946e-07,Example 1(SGIP1)
284,0.0,285,0.999999924139543,TGTAAGCTTAAGGAGACGACGAGGAGGGGCGGGGGAAGTGC,6.231394681063565e-08,Example 1(SGIP1)
285,0.0,286,0.9999174096367576,TAAGCTTAAGGAGACGACGAGGAGGGGCGGGGGAAGTGCGT,9.950453584844416e-05,Example 1(SGIP1)
286,0.0,287,0.9999947547912598,AAGCTTAAGGAGACGACGAGGAGGGGCGGGGGAAGTGCGTC,4.9173831939697266e-06,Example 1(SGIP1)
287,0.0,288,0.7131719589233398,GCTTAAGGAGACGACGAGGAGGGGCGGGGGAAGTGCGTCAC,0.28579041361808777,Example 1(SGIP1)
288,0.0,289,0.9999599077484824,CTTAAGGAGACGACGAGGAGGGGCGGGGGAAGTGCGTCACC,3.357908942482688e-05,Example 1(SGIP1)
289,0.0,290,0.9999978163025596,TTAAGGAGACGACGAGGAGGGGCGGGGGAAGTGCGTCACCA,2.002174204046076e-06,Example 1(SGIP1)
290,0.0,291,0.9999999024651267,TAAGGAGACGACGAGGAGGGGCGGGGGAAGTGCGTCACCAG,1.1108138344504616e-07,Example 1(SGIP1)
291,0.0,292,0.9999211918223988,AGGAGACGACGAGGAGGGGCGGGGGAAGTGCGTCACCAGGT,8.57521187175404e-05,Example 1(SGIP1)
292,0.0,293,0.9999994473023848,GGAGACGACGAGGAGGGGCGGGGGAAGTGCGTCACCAGGTG,4.76837158203125e-07,Example 1(SGIP1)
293,0.0,294,0.9999996423721313,GAGACGACGAGGAGGGGCGGGGGAAGTGCGTCACCAGGTGG,3.9826739918101917e-07,Example 1(SGIP1)
294,0.0,295,0.9998819340359081,AGACGACGAGGAGGGGCGGGGGAAGTGCGTCACCAGGTGGG,0.00010130351239984685,Example 1(SGIP1)
295,0.0,296,0.9999998645348982,GACGACGAGGAGGGGCGGGGGAAGTGCGTCACCAGGTGGGG,1.246278936212713e-07,Example 1(SGIP1)
296,0.0,297,0.9998136596246199,GACGAGGAGGGGCGGGGGAAGTGCGTCACCAGGTGGGGAAG,0.00026548450643366033,Example 1(SGIP1)
297,0.0,298,0.9999998482790861,CGAGGAGGGGCGGGGGAAGTGCGTCACCAGGTGGGGAAGGG,1.2733719565651633e-07,Example 1(SGIP1)
298,0.0,299,0.9999991167675365,AGGAGGGGCGGGGGAAGTGCGTCACCAGGTGGGGAAGGGGC,9.970231489701704e-07,Example 1(SGIP1)
299,0.0,300,0.9999998536976901,GCGGGGGAAGTGCGTCACCAGGTGGGGAAGGGGCTGTGTAT,1.4901161193847656e-07,Example 1(SGIP1)
300,0.0,301,0.9999964345585216,CGGGGGAAGTGCGTCACCAGGTGGGGAAGGGGCTGTGTATT,2.1538951180197974e-06,Example 1(SGIP1)
301,0.0,302,0.9999999566511675,GGGGAAGTGCGTCACCAGGTGGGGAAGGGGCTGTGTATTTG,3.251162442294034e-08,Example 1(SGIP1)
302,0.0,303,1.0,GGGAAGTGCGTCACCAGGTGGGGAAGGGGCTGTGTATTTGG,0.0,Example 1(SGIP1)
303,0.0,304,1.0,GGAAGTGCGTCACCAGGTGGGGAAGGGGCTGTGTATTTGGT,2.7093020352450285e-09,Example 1(SGIP1)
304,0.0,305,0.9999999349767511,GAAGTGCGTCACCAGGTGGGGAAGGGGCTGTGTATTTGGTG,5.4186040704900566e-08,Example 1(SGIP1)
305,0.0,306,0.9999995340000499,GTGCGTCACCAGGTGGGGAAGGGGCTGTGTATTTGGTGACA,3.1969764015891333e-07,Example 1(SGIP1)
306,0.0,307,1.0,TGCGTCACCAGGTGGGGAAGGGGCTGTGTATTTGGTGACAA,0.0,Example 1(SGIP1)
307,0.0,308,0.9999996803023599,GCGTCACCAGGTGGGGAAGGGGCTGTGTATTTGGTGACAAG,2.5196508927778766e-07,Example 1(SGIP1)
308,0.0,309,0.9999993118372831,CGTCACCAGGTGGGGAAGGGGCTGTGTATTTGGTGACAAGC,9.265812960537997e-07,Example 1(SGIP1)
309,0.0,310,0.999999306418679,CACCAGGTGGGGAAGGGGCTGTGTATTTGGTGACAAGCGGG,6.800348108465021e-07,Example 1(SGIP1)
310,0.0,311,0.9999999566511675,CCAGGTGGGGAAGGGGCTGTGTATTTGGTGACAAGCGGGAG,3.79302284934304e-08,Example 1(SGIP1)
311,0.0,312,0.9999999729069796,GGGGAAGGGGCTGTGTATTTGGTGACAAGCGGGAGGCCCAA,3.522092645818537e-08,Example 1(SGIP1)
312,0.0,313,0.9999999674883756,GGGAAGGGGCTGTGTATTTGGTGACAAGCGGGAGGCCCAAA,3.251162442294034e-08,Example 1(SGIP1)
313,0.0,314,0.9999611269343983,GAAGGGGCTGTGTATTTGGTGACAAGCGGGAGGCCCAAAAC,2.263350920243697e-05,Example 1(SGIP1)
314,0.0,315,0.9999429854479703,GGCTGTGTATTTGGTGACAAGCGGGAGGCCCAAAACTTCGA,4.445422779430043e-05,Example 1(SGIP1)
315,0.0,316,0.9999999403953552,CTGTGTATTTGGTGACAAGCGGGAGGCCCAAAACTTCGACG,7.044185291637074e-08,Example 1(SGIP1)
316,0.0,317,0.9999993551861156,TGTGTATTTGGTGACAAGCGGGAGGCCCAAAACTTCGACGG,3.6575577475807885e-07,Example 1(SGIP1)
317,0.0,318,0.9999981251629916,GTGTATTTGGTGACAAGCGGGAGGCCCAAAACTTCGACGGT,1.8450346860018643e-06,Example 1(SGIP1)
318,0.0,319,0.9999913085590709,GTATTTGGTGACAAGCGGGAGGCCCAAAACTTCGACGGTCC,7.071278311989524e-06,Example 1(SGIP1)
319,0.0,320,0.9997092647985979,TATTTGGTGACAAGCGGGAGGCCCAAAACTTCGACGGTCCT,0.0002883266318928112,Example 1(SGIP1)
320,1.0,1,0.14086981253190475,AAGTAAGTTCTCTTCTTCCAGTTATTTTGAGTACATTTTCA,0.8586467612873424,Example 2(SGIP2)
321,0.0,2,0.9999996748837557,TCTCTTCTTCCAGTTATTTTGAGTACATTTTCATTGGATGC,3.224069421941584e-07,Example 2(SGIP2)
322,0.0,3,0.9999999945813959,TCTTCTTCCAGTTATTTTGAGTACATTTTCATTGGATGCTC,1.3546510176225142e-08,Example 2(SGIP2)
323,0.0,4,0.9999999891627919,ATTTTGAGTACATTTTCATTGGATGCTCACAATTGCTCTCT,1.3546510176225142e-08,Example 2(SGIP2)
324,0.0,5,0.9999994473023848,TTTTGAGTACATTTTCATTGGATGCTCACAATTGCTCTCTA,7.098371332341974e-07,Example 2(SGIP2)
325,0.0,6,0.9999708424914967,TGAGTACATTTTCATTGGATGCTCACAATTGCTCTCTATTG,2.380392768166282e-05,Example 2(SGIP2)
326,0.0,7,0.9999676888639276,TTCATTGGATGCTCACAATTGCTCTCTATTGTAACAGCTTT,3.1010671095414594e-05,Example 2(SGIP2)
327,0.0,8,0.699503551829945,GCTCACAATTGCTCTCTATTGTAACAGCTTTTCTCCTGGTC,0.2982295751571655,Example 2(SGIP2)
328,0.0,9,0.997900047085502,AATTGCTCTCTATTGTAACAGCTTTTCTCCTGGTCATACTG,0.0019056092609058726,Example 2(SGIP2)
329,0.0,10,0.9999833540482954,ATTGTAACAGCTTTTCTCCTGGTCATACTGTGAGATTATAC,1.5724789012562145e-05,Example 2(SGIP2)
330,0.0,11,0.9999991167675365,TTGTAACAGCTTTTCTCCTGGTCATACTGTGAGATTATACA,8.58848745172674e-07,Example 2(SGIP2)
331,0.0,12,0.9999991276047446,GCTTTTCTCCTGGTCATACTGTGAGATTATACAGGGAGAAA,1.0783022100275212e-06,Example 2(SGIP2)
332,0.0,13,0.9999934868379072,TTTTCTCCTGGTCATACTGTGAGATTATACAGGGAGAAATG,5.107034336436879e-06,Example 2(SGIP2)
333,0.0,14,0.999997469511899,TTCTCCTGGTCATACTGTGAGATTATACAGGGAGAAATGCC,2.9341741041703657e-06,Example 2(SGIP2)
334,0.0,15,0.999996239488775,TCATACTGTGAGATTATACAGGGAGAAATGCCCACTTCTGA,2.7418136596679688e-06,Example 2(SGIP2)
335,0.0,16,0.9993888681585138,CATACTGTGAGATTATACAGGGAGAAATGCCCACTTCTGAT,0.0007187046787955544,Example 2(SGIP2)
336,0.0,17,0.9999022375453602,ATACTGTGAGATTATACAGGGAGAAATGCCCACTTCTGATG,0.00011197545311667703,Example 2(SGIP2)
337,0.0,18,0.9999600486321882,ACTGTGAGATTATACAGGGAGAAATGCCCACTTCTGATGTT,3.395839170976119e-05,Example 2(SGIP2)
338,0.0,19,0.9999790787696838,GAGATTATACAGGGAGAAATGCCCACTTCTGATGTTGTTTT,2.0262869921597567e-05,Example 2(SGIP2)
339,0.0,20,0.9999566349116239,AGGGAGAAATGCCCACTTCTGATGTTGTTTTTCCTGAGTTC,4.1544437408447266e-05,Example 2(SGIP2)
340,0.0,21,0.9999754645607688,GAGAAATGCCCACTTCTGATGTTGTTTTTCCTGAGTTCTAA,2.2200020876797762e-05,Example 2(SGIP2)
341,0.0,22,0.9999926794659008,AAATGCCCACTTCTGATGTTGTTTTTCCTGAGTTCTAAAGA,6.209720264781605e-06,Example 2(SGIP2)
342,0.0,23,0.9999998591162942,CTTCTGATGTTGTTTTTCCTGAGTTCTAAAGAAGGCGTTCC,1.815232363614169e-07,Example 2(SGIP2)
343,0.0,24,0.9999995556744662,TCTGATGTTGTTTTTCCTGAGTTCTAAAGAAGGCGTTCCCT,3.1698833812366833e-07,Example 2(SGIP2)
344,0.0,25,0.9999973394654014,TGTTTTTCCTGAGTTCTAAAGAAGGCGTTCCCTTTCCTCCC,3.221360119906339e-06,Example 2(SGIP2)
345,0.0,26,0.9999999566511675,TTTTCCTGAGTTCTAAAGAAGGCGTTCCCTTTCCTCCCATC,4.3348832563920456e-08,Example 2(SGIP2)
346,0.0,27,0.999998623674566,TTTCCTGAGTTCTAAAGAAGGCGTTCCCTTTCCTCCCATCT,1.3925812461159446e-06,Example 2(SGIP2)
347,0.0,28,0.9999999512325634,TCCTGAGTTCTAAAGAAGGCGTTCCCTTTCCTCCCATCTCC,3.251162442294034e-08,Example 2(SGIP2)
348,0.0,29,0.9999388998205011,ATCTCCTTTCCTTTTTCTCTGCCTTCTCTCTCTCATAGGCT,5.2950598976828836e-05,Example 2(SGIP2)
349,0.0,30,0.9999981901862405,TCTGCCTTCTCTCTCTCATAGGCTGCCCTGCCCTTTTCTTC,1.8748370083895596e-06,Example 2(SGIP2)
350,0.0,31,0.9999976754188538,CTGCCTTCTCTCTCTCATAGGCTGCCCTGCCCTTTTCTTCC,2.3110346360640093e-06,Example 2(SGIP2)
351,1.0,32,0.05548457394946705,CCTTCTCTCTCTCATAGGCTGCCCTGCCCTTTTCTTCCTTC,0.9443309686400674,Example 2(SGIP2)
352,0.0,33,0.9999967976049944,TCTCTCTCATAGGCTGCCCTGCCCTTTTCTTCCTTCGCTGT,2.7932903983376245e-06,Example 2(SGIP2)
353,0.0,34,0.9999999783255837,CCCTGCCCTTTTCTTCCTTCGCTGTCTGAGCTTTCTTGAAG,4.605813459916548e-08,Example 2(SGIP2)
354,0.0,35,0.9999678947708823,TGCCCTTTTCTTCCTTCGCTGTCTGAGCTTTCTTGAAGGGA,3.254413604736328e-05,Example 2(SGIP2)
355,0.0,36,0.99998924407092,CTTTTCTTCCTTCGCTGTCTGAGCTTTCTTGAAGGGAACCA,1.2278556823730469e-05,Example 2(SGIP2)
356,0.0,37,0.9999997940930453,TTTCTTCCTTCGCTGTCTGAGCTTTCTTGAAGGGAACCAAG,1.9777904857288708e-07,Example 2(SGIP2)
357,0.0,38,0.9999883987686851,TTCGCTGTCTGAGCTTTCTTGAAGGGAACCAAGGGTCGTAG,1.528588208285245e-05,Example 2(SGIP2)
358,0.0,39,0.9997877045111223,GCTGTCTGAGCTTTCTTGAAGGGAACCAAGGGTCGTAGATC,0.00023697723041881215,Example 2(SGIP2)
359,0.0,40,0.9999820535833185,CTGTCTGAGCTTTCTTGAAGGGAACCAAGGGTCGTAGATCC,1.4573335647583008e-05,Example 2(SGIP2)
360,0.0,41,0.9999980818141591,TGTCTGAGCTTTCTTGAAGGGAACCAAGGGTCGTAGATCCC,1.514499837701971e-06,Example 2(SGIP2)
361,0.0,42,0.999999918720939,GCTTTCTTGAAGGGAACCAAGGGTCGTAGATCCCCCAGGGC,1.1108138344504616e-07,Example 2(SGIP2)
362,0.0,43,0.9999999566511675,CTTTCTTGAAGGGAACCAAGGGTCGTAGATCCCCCAGGGCT,3.79302284934304e-08,Example 2(SGIP2)
363,0.0,44,0.9999989596280184,TTTCTTGAAGGGAACCAAGGGTCGTAGATCCCCCAGGGCTG,6.935813210227273e-07,Example 2(SGIP2)
364,0.0,45,0.9999985044652765,CTTGAAGGGAACCAAGGGTCGTAGATCCCCCAGGGCTGGGC,1.3898719440806995e-06,Example 2(SGIP2)
365,0.0,46,0.9999990083954551,GAAGGGAACCAAGGGTCGTAGATCCCCCAGGGCTGGGCCCT,7.66732475974343e-07,Example 2(SGIP2)
366,0.0,47,0.9999998753721063,CAAGGGTCGTAGATCCCCCAGGGCTGGGCCCTTCTGAAAGG,1.6797672618519177e-07,Example 2(SGIP2)
367,0.0,48,0.9999999674883756,AAGGGTCGTAGATCCCCCAGGGCTGGGCCCTTCTGAAAGGC,1.89651142467152e-08,Example 2(SGIP2)
368,0.0,49,0.9999996477907355,AGGGTCGTAGATCCCCCAGGGCTGGGCCCTTCTGAAAGGCT,1.9506974653764206e-07,Example 2(SGIP2)
369,0.0,50,0.9999968355352228,GTCGTAGATCCCCCAGGGCTGGGCCCTTCTGAAAGGCTCCA,2.603639255870472e-06,Example 2(SGIP2)
370,0.0,51,0.9999970631165938,TCGTAGATCCCCCAGGGCTGGGCCCTTCTGAAAGGCTCCAT,2.9016624797474253e-06,Example 2(SGIP2)
371,0.0,52,0.9999999729069796,CGTAGATCCCCCAGGGCTGGGCCCTTCTGAAAGGCTCCATG,2.4383718317205257e-08,Example 2(SGIP2)
372,0.0,53,0.9999968138608065,CCCCAGGGCTGGGCCCTTCTGAAAGGCTCCATGGTCTCTGG,2.511522986672141e-06,Example 2(SGIP2)
373,0.0,54,0.9999999349767511,AGGGCTGGGCCCTTCTGAAAGGCTCCATGGTCTCTGGAGAG,6.502324884588068e-08,Example 2(SGIP2)
374,0.0,55,0.9999952207912098,GGGCTGGGCCCTTCTGAAAGGCTCCATGGTCTCTGGAGAGC,3.232197328047319e-06,Example 2(SGIP2)
375,0.0,56,0.9990803057497198,GCCCTTCTGAAAGGCTCCATGGTCTCTGGAGAGCAGTCAGG,0.000861170617016879,Example 2(SGIP2)
376,0.0,57,0.9999999891627919,CCCTTCTGAAAGGCTCCATGGTCTCTGGAGAGCAGTCAGGT,2.1674416281960228e-08,Example 2(SGIP2)
377,0.0,58,0.9999996369535272,TGAAAGGCTCCATGGTCTCTGGAGAGCAGTCAGGTGACAGA,2.5196508927778766e-07,Example 2(SGIP2)
378,0.0,59,0.9999869086525657,GAAAGGCTCCATGGTCTCTGGAGAGCAGTCAGGTGACAGAC,1.3771382245150479e-05,Example 2(SGIP2)
379,0.0,60,0.9999966350468722,AAGGCTCCATGGTCTCTGGAGAGCAGTCAGGTGACAGACTG,4.502859982577237e-06,Example 2(SGIP2)
380,0.0,61,0.999999539418654,GGCTCCATGGTCTCTGGAGAGCAGTCAGGTGACAGACTGAA,4.3077902360395953e-07,Example 2(SGIP2)
381,0.0,62,0.9999667785384438,TCCATGGTCTCTGGAGAGCAGTCAGGTGACAGACTGAACCC,4.1192228143865414e-05,Example 2(SGIP2)
382,0.0,63,0.9999999566511675,TGGTCTCTGGAGAGCAGTCAGGTGACAGACTGAACCCAACC,4.063953052867542e-08,Example 2(SGIP2)
383,0.0,64,0.9999999024651267,GGTCTCTGGAGAGCAGTCAGGTGACAGACTGAACCCAACCG,1.1920928955078125e-07,Example 2(SGIP2)
384,0.0,65,0.4818780611861836,TCTCTGGAGAGCAGTCAGGTGACAGACTGAACCCAACCGGG,0.5175051201473583,Example 2(SGIP2)
385,0.0,66,0.9999991276047446,TGGAGAGCAGTCAGGTGACAGACTGAACCCAACCGGGCCCA,1.232732426036488e-06,Example 2(SGIP2)
386,0.0,67,0.9999962882562117,GAGCAGTCAGGTGACAGACTGAACCCAACCGGGCCCAGTGA,4.470348358154297e-06,Example 2(SGIP2)
387,0.0,68,0.9999347437511791,GTGACAGACTGAACCCAACCGGGCCCAGTGACACAACTTCC,5.898963321339e-05,Example 2(SGIP2)
388,0.0,69,0.9999996748837557,TGACAGACTGAACCCAACCGGGCCCAGTGACACAACTTCCC,2.5467439131303266e-07,Example 2(SGIP2)
389,0.0,70,0.9999641071666371,GACAGACTGAACCCAACCGGGCCCAGTGACACAACTTCCCA,4.295598376880992e-05,Example 2(SGIP2)
390,0.0,71,0.9998669299212369,ACTGAACCCAACCGGGCCCAGTGACACAACTTCCCACTTAG,0.00010880015113136984,Example 2(SGIP2)
391,0.0,72,0.999999539418654,TGAACCCAACCGGGCCCAGTGACACAACTTCCCACTTAGGC,3.84720889004794e-07,Example 2(SGIP2)
392,0.0,73,0.9999999566511675,GTGACACAACTTCCCACTTAGGCAACTACACAGCCCCCAGA,4.8767436634410514e-08,Example 2(SGIP2)
393,0.0,74,0.9999892549081282,TGACACAACTTCCCACTTAGGCAACTACACAGCCCCCAGAT,7.995150306008078e-06,Example 2(SGIP2)
394,0.0,75,0.9999985044652765,CCCACTTAGGCAACTACACAGCCCCCAGATCCCATTCCTGG,1.240860332142223e-06,Example 2(SGIP2)
395,0.0,76,0.9999999783255837,AGGCAACTACACAGCCCCCAGATCCCATTCCTGGCAGCTTC,2.1674416281960228e-08,Example 2(SGIP2)
396,0.0,77,0.9999825954437256,AGCCCCCAGATCCCATTCCTGGCAGCTTCAAAACCCTGGGC,1.3684684580022639e-05,Example 2(SGIP2)
397,0.0,78,0.9998054829510775,GCCCCCAGATCCCATTCCTGGCAGCTTCAAAACCCTGGGCT,0.00020043145526539195,Example 2(SGIP2)
398,0.0,79,0.9999941045587714,CCCAGATCCCATTCCTGGCAGCTTCAAAACCCTGGGCTCCG,5.047429691661488e-06,Example 2(SGIP2)
399,0.0,80,0.9994805997068231,CCTGGCAGCTTCAAAACCCTGGGCTCCGCCACAACCAGGCA,0.00047420371662486684,Example 2(SGIP2)
400,0.0,81,0.9999970251863654,CTGGCAGCTTCAAAACCCTGGGCTCCGCCACAACCAGGCAC,4.28882512179288e-06,Example 2(SGIP2)
401,0.0,82,0.9999949661168185,TGGCAGCTTCAAAACCCTGGGCTCCGCCACAACCAGGCACA,4.77920879017223e-06,Example 2(SGIP2)
402,0.0,83,0.9999930154193531,GCTTCAAAACCCTGGGCTCCGCCACAACCAGGCACAACTGC,5.70579008622603e-06,Example 2(SGIP2)
403,0.0,84,0.9999998320232738,CCTGGGCTCCGCCACAACCAGGCACAACTGCCTCCCTCCAG,2.2487206892533737e-07,Example 2(SGIP2)
404,0.0,85,0.6490359685637734,CTGGGCTCCGCCACAACCAGGCACAACTGCCTCCCTCCAGG,0.35131916945630853,Example 2(SGIP2)
405,0.0,86,0.9999997886744413,CGCCACAACCAGGCACAACTGCCTCCCTCCAGGTTTCCACT,1.7610463229092685e-07,Example 2(SGIP2)
406,0.0,87,0.9999868111176924,GGCACAACTGCCTCCCTCCAGGTTTCCACTTGGGTGAATGA,1.1368231339888139e-05,Example 2(SGIP2)
407,0.0,88,0.9999972148375078,GCACAACTGCCTCCCTCCAGGTTTCCACTTGGGTGAATGAA,2.7011741291392934e-06,Example 2(SGIP2)
408,0.0,89,0.9998771006410773,CTCCCTCCAGGTTTCCACTTGGGTGAATGAATAGGCTTGAA,0.00013211369514465332,Example 2(SGIP2)
409,1.0,90,0.3217061920599504,TCCCTCCAGGTTTCCACTTGGGTGAATGAATAGGCTTGAAG,0.6761997450481761,Example 2(SGIP2)
410,0.0,91,0.6602236411788247,CCCTCCAGGTTTCCACTTGGGTGAATGAATAGGCTTGAAGG,0.3361760106953708,Example 2(SGIP2)
411,0.0,92,0.48146989941596985,CTCCAGGTTTCCACTTGGGTGAATGAATAGGCTTGAAGGCG,0.5149967968463898,Example 2(SGIP2)
412,1.0,93,0.2570961767976934,AGGTTTCCACTTGGGTGAATGAATAGGCTTGAAGGCGACTC,0.7420973831957037,Example 2(SGIP2)
413,0.0,94,0.3618844314055009,TCCACTTGGGTGAATGAATAGGCTTGAAGGCGACTCCAGAT,0.6359450139782645,Example 2(SGIP2)
414,0.0,95,0.9999894120476462,CCACTTGGGTGAATGAATAGGCTTGAAGGCGACTCCAGATG,9.252266450361772e-06,Example 2(SGIP2)
415,0.0,96,0.9999726035378196,TTGGGTGAATGAATAGGCTTGAAGGCGACTCCAGATGCAGG,2.9013915495439008e-05,Example 2(SGIP2)
416,0.0,97,0.9997382976792075,GGTGAATGAATAGGCTTGAAGGCGACTCCAGATGCAGGAGG,0.00020442767576737836,Example 2(SGIP2)
417,0.0,98,0.9999955784190785,GTGAATGAATAGGCTTGAAGGCGACTCCAGATGCAGGAGGC,3.6819414658979936e-06,Example 2(SGIP2)
418,0.0,99,0.9999997832558372,GAATGAATAGGCTTGAAGGCGACTCCAGATGCAGGAGGCGC,1.625581221147017e-07,Example 2(SGIP2)
419,0.0,100,0.9999949769540266,TAGGCTTGAAGGCGACTCCAGATGCAGGAGGCGCGTCGCGG,4.0314414284446025e-06,Example 2(SGIP2)
420,0.0,101,0.9999998482790861,GCTTGAAGGCGACTCCAGATGCAGGAGGCGCGTCGCGGAGA,1.1108138344504616e-07,Example 2(SGIP2)
421,0.0,102,0.9999926632100885,TGAAGGCGACTCCAGATGCAGGAGGCGCGTCGCGGAGAAAC,7.68899917602539e-06,Example 2(SGIP2)
422,0.0,103,0.9999965916980397,GAAGGCGACTCCAGATGCAGGAGGCGCGTCGCGGAGAAACG,4.088336771184748e-06,Example 2(SGIP2)
423,0.0,104,0.9999999620697715,AGGCGACTCCAGATGCAGGAGGCGCGTCGCGGAGAAACGTG,7.58604569868608e-08,Example 2(SGIP2)
424,0.0,105,0.9999951991167936,GGCGACTCCAGATGCAGGAGGCGCGTCGCGGAGAAACGTGT,5.857511000199751e-06,Example 2(SGIP2)
425,0.0,106,0.9999956813725558,CGACTCCAGATGCAGGAGGCGCGTCGCGGAGAAACGTGTCA,5.3725459358908916e-06,Example 2(SGIP2)
426,0.0,107,0.999998005953702,ACTCCAGATGCAGGAGGCGCGTCGCGGAGAAACGTGTCATT,2.5142322887073862e-06,Example 2(SGIP2)
427,0.0,108,0.43020956353707746,CCAGATGCAGGAGGCGCGTCGCGGAGAAACGTGTCATTTAG,0.568386896090074,Example 2(SGIP2)
428,0.0,109,0.4034698686816476,AGATGCAGGAGGCGCGTCGCGGAGAAACGTGTCATTTAGGA,0.5949655771255493,Example 2(SGIP2)
429,0.0,110,0.9999998103488575,GATGCAGGAGGCGCGTCGCGGAGAAACGTGTCATTTAGGAG,1.4088370583274148e-07,Example 2(SGIP2)
430,0.0,111,0.9999400106343356,TGCAGGAGGCGCGTCGCGGAGAAACGTGTCATTTAGGAGAA,4.509904167868874e-05,Example 2(SGIP2)
431,0.0,112,0.9999924573031339,GAGGCGCGTCGCGGAGAAACGTGTCATTTAGGAGAAAGTTT,6.887045773592862e-06,Example 2(SGIP2)
432,0.0,113,0.9999719370495189,GGCGCGTCGCGGAGAAACGTGTCATTTAGGAGAAAGTTTGT,2.5784427469426934e-05,Example 2(SGIP2)
433,0.0,114,0.999995925209739,GCGGAGAAACGTGTCATTTAGGAGAAAGTTTGTTTCCTACA,4.982406442815607e-06,Example 2(SGIP2)
434,0.0,115,0.9999931779774752,CGGAGAAACGTGTCATTTAGGAGAAAGTTTGTTTCCTACAG,5.410476164384321e-06,Example 2(SGIP2)
435,0.0,116,0.9960442727262323,GAGAAACGTGTCATTTAGGAGAAAGTTTGTTTCCTACAGAG,0.0036617788401517,Example 2(SGIP2)
436,0.0,117,0.3748513839461587,AACGTGTCATTTAGGAGAAAGTTTGTTTCCTACAGAGACTG,0.6230148591778495,Example 2(SGIP2)
437,0.0,118,0.999991162256761,TGTCATTTAGGAGAAAGTTTGTTTCCTACAGAGACTGCAGT,5.6651505556973545e-06,Example 2(SGIP2)
438,1.0,119,0.13610014861280267,GAGAAAGTTTGTTTCCTACAGAGACTGCAGTTGGCAGCTGC,0.8630000027743253,Example 2(SGIP2)
439,0.0,120,0.9999949552796104,GAAAGTTTGTTTCCTACAGAGACTGCAGTTGGCAGCTGCAG,5.418604070490057e-06,Example 2(SGIP2)
440,0.0,121,0.9999935085123236,GTTTGTTTCCTACAGAGACTGCAGTTGGCAGCTGCAGCCCC,6.15282492204146e-06,Example 2(SGIP2)
441,0.0,122,0.9997913187200372,TGTTTCCTACAGAGACTGCAGTTGGCAGCTGCAGCCCCAGT,0.00014606118202209473,Example 2(SGIP2)
442,1.0,123,0.11858139796690507,TTCCTACAGAGACTGCAGTTGGCAGCTGCAGCCCCAGTCGG,0.8813205144622109,Example 2(SGIP2)
443,0.0,124,0.35709828951142053,TCCTACAGAGACTGCAGTTGGCAGCTGCAGCCCCAGTCGGT,0.6424726789647882,Example 2(SGIP2)
444,0.0,125,0.9999839067459106,TACAGAGACTGCAGTTGGCAGCTGCAGCCCCAGTCGGTTGC,1.619620756669478e-05,Example 2(SGIP2)
445,1.0,126,0.10943564772605896,AGAGACTGCAGTTGGCAGCTGCAGCCCCAGTCGGTTGCGAG,0.8908948356455023,Example 2(SGIP2)
446,1.0,127,0.19479875672947278,GACTGCAGTTGGCAGCTGCAGCCCCAGTCGGTTGCGAGAAA,0.8045593500137329,Example 2(SGIP2)
447,1.0,128,0.26713877374475653,AGTTGGCAGCTGCAGCCCCAGTCGGTTGCGAGAAAAGCTCC,0.7322525652972135,Example 2(SGIP2)
448,1.0,129,0.18134937503121115,TGGCAGCTGCAGCCCCAGTCGGTTGCGAGAAAAGCTCCCCA,0.8173261068084023,Example 2(SGIP2)
449,1.0,130,0.2601308416236531,GGCAGCTGCAGCCCCAGTCGGTTGCGAGAAAAGCTCCCCAC,0.7394686449657787,Example 2(SGIP2)
450,1.0,131,0.2718815234574405,AGCTGCAGCCCCAGTCGGTTGCGAGAAAAGCTCCCCACCTG,0.7281361709941517,Example 2(SGIP2)
451,0.0,132,0.9999808452346108,CTGCAGCCCCAGTCGGTTGCGAGAAAAGCTCCCCACCTGGG,1.8778172406283293e-05,Example 2(SGIP2)
452,1.0,133,0.22827015681700272,GCAGCCCCAGTCGGTTGCGAGAAAAGCTCCCCACCTGGGGA,0.7710930109024048,Example 2(SGIP2)
453,0.0,134,0.9981903596357866,CCCAGTCGGTTGCGAGAAAAGCTCCCCACCTGGGGAAGCGA,0.0016285045580430465,Example 2(SGIP2)
454,1.0,135,0.1153681142763658,GCGAGAAAAGCTCCCCACCTGGGGAAGCGAGGCCGCTCCCG,0.8840906620025635,Example 2(SGIP2)
455,1.0,136,0.23559188571843234,CGAGAAAAGCTCCCCACCTGGGGAAGCGAGGCCGCTCCCGT,0.7638925422321666,Example 2(SGIP2)
456,0.0,137,0.4129416915503415,GAGAAAAGCTCCCCACCTGGGGAAGCGAGGCCGCTCCCGTG,0.5867167684164915,Example 2(SGIP2)
457,0.0,138,0.391242653131485,AGAAAAGCTCCCCACCTGGGGAAGCGAGGCCGCTCCCGTGT,0.6095166477290067,Example 2(SGIP2)
458,0.0,139,0.9999996315349232,AAAGCTCCCCACCTGGGGAAGCGAGGCCGCTCCCGTGTGCG,3.332441503351385e-07,Example 2(SGIP2)
459,0.0,140,0.9999956109307029,AGCTCCCCACCTGGGGAAGCGAGGCCGCTCCCGTGTGCGCT,4.654580896550959e-06,Example 2(SGIP2)
460,0.0,141,0.9995739730921659,CTCCCCACCTGGGGAAGCGAGGCCGCTCCCGTGTGCGCTCG,0.00034389712593772197,Example 2(SGIP2)
461,1.0,142,0.10074436122720892,TCCCCACCTGGGGAAGCGAGGCCGCTCCCGTGTGCGCTCGG,0.8989910916848616,Example 2(SGIP2)
462,0.0,143,0.9999770359559492,CCACCTGGGGAAGCGAGGCCGCTCCCGTGTGCGCTCGGCGG,2.4210322986949574e-05,Example 2(SGIP2)
463,0.0,144,0.9999990571628917,GGGGAAGCGAGGCCGCTCCCGTGTGCGCTCGGCGGGGAGGA,8.317557248202238e-07,Example 2(SGIP2)
464,0.0,145,0.968421296639876,GGAAGCGAGGCCGCTCCCGTGTGCGCTCGGCGGGGAGGACG,0.0334451442415064,Example 2(SGIP2)
465,1.0,146,0.08127581260421059,AAGCGAGGCCGCTCCCGTGTGCGCTCGGCGGGGAGGACGCG,0.9185646989128806,Example 2(SGIP2)
466,0.0,147,0.9963311986489729,GCGAGGCCGCTCCCGTGTGCGCTCGGCGGGGAGGACGCGGT,0.0033157413656061344,Example 2(SGIP2)
467,0.0,148,0.9999269843101501,GGCCGCTCCCGTGTGCGCTCGGCGGGGAGGACGCGGTGGCG,7.333538749001242e-05,Example 2(SGIP2)
468,0.0,149,0.9984492226080461,GCCGCTCCCGTGTGCGCTCGGCGGGGAGGACGCGGTGGCGG,0.0016706856814297762,Example 2(SGIP2)
469,1.0,150,0.03910167921673168,CGCTCCCGTGTGCGCTCGGCGGGGAGGACGCGGTGGCGGCG,0.961004148830067,Example 2(SGIP2)
470,1.0,151,0.21876234087077054,GCTCCCGTGTGCGCTCGGCGGGGAGGACGCGGTGGCGGCGG,0.7818944345821034,Example 2(SGIP2)
471,0.0,152,0.6759251518683,CTCCCGTGTGCGCTCGGCGGGGAGGACGCGGTGGCGGCGGG,0.3258402672680942,Example 2(SGIP2)
472,0.0,153,0.9999989108605818,TCCCGTGTGCGCTCGGCGGGGAGGACGCGGTGGCGGCGGGA,7.260929454456676e-07,Example 2(SGIP2)
473,0.0,154,0.969177945093675,CCGTGTGCGCTCGGCGGGGAGGACGCGGTGGCGGCGGGACT,0.03284200213172219,Example 2(SGIP2)
474,0.0,155,0.9999298561703075,CGTGTGCGCTCGGCGGGGAGGACGCGGTGGCGGCGGGACTC,8.410486308011141e-05,Example 2(SGIP2)
475,0.0,156,0.9999917149543762,GTGCGCTCGGCGGGGAGGACGCGGTGGCGGCGGGACTCGAA,9.56925478848544e-06,Example 2(SGIP2)
476,1.0,157,0.07561048594388095,GCGCTCGGCGGGGAGGACGCGGTGGCGGCGGGACTCGAACT,0.9240320162339644,Example 2(SGIP2)
477,1.0,158,0.37558423389088025,CGCTCGGCGGGGAGGACGCGGTGGCGGCGGGACTCGAACTC,0.6251098351045088,Example 2(SGIP2)
478,0.0,159,0.9998986016620289,CTCGGCGGGGAGGACGCGGTGGCGGCGGGACTCGAACTCGG,0.00011176683685996316,Example 2(SGIP2)
479,0.0,160,0.9999994798140093,TCGGCGGGGAGGACGCGGTGGCGGCGGGACTCGAACTCGGT,6.448138843883168e-07,Example 2(SGIP2)
480,0.0,161,0.9999402111226862,GGCGGGGAGGACGCGGTGGCGGCGGGACTCGAACTCGGTCG,4.991888999938965e-05,Example 2(SGIP2)
481,0.0,162,0.9999822269786488,GCGGGGAGGACGCGGTGGCGGCGGGACTCGAACTCGGTCGT,1.4091079885309393e-05,Example 2(SGIP2)
482,1.0,163,0.2344128354029222,GGGGAGGACGCGGTGGCGGCGGGACTCGAACTCGGTCGTCG,0.764719919724898,Example 2(SGIP2)
483,0.0,164,0.9999995014884255,GGGAGGACGCGGTGGCGGCGGGACTCGAACTCGGTCGTCGA,7.775696841153231e-07,Example 2(SGIP2)
484,0.0,165,0.9999983690001748,GGAGGACGCGGTGGCGGCGGGACTCGAACTCGGTCGTCGAA,1.6770579598166726e-06,Example 2(SGIP2)
485,0.0,166,0.99990529905666,ACGCGGTGGCGGCGGGACTCGAACTCGGTCGTCGAAGGGCG,8.544054898348722e-05,Example 2(SGIP2)
486,0.0,167,0.9999964128841053,TGGCGGCGGGACTCGAACTCGGTCGTCGAAGGGCGCCCCGC,2.885406667535955e-06,Example 2(SGIP2)
487,1.0,168,0.10718176581642845,GGCGGCGGGACTCGAACTCGGTCGTCGAAGGGCGCCCCGCA,0.8918043862689625,Example 2(SGIP2)
488,0.0,169,0.9999938390471719,GGCGGGACTCGAACTCGGTCGTCGAAGGGCGCCCCGCAGGG,6.209720264781605e-06,Example 2(SGIP2)
489,0.0,170,0.9753102335062894,GGGACTCGAACTCGGTCGTCGAAGGGCGCCCCGCAGGGTCC,0.02426224946975708,Example 2(SGIP2)
490,0.0,171,0.999999772418629,ACTCGAACTCGGTCGTCGAAGGGCGCCCCGCAGGGTCCCGT,2.682209014892578e-07,Example 2(SGIP2)
491,0.0,172,0.9999962936748158,CTCGAACTCGGTCGTCGAAGGGCGCCCCGCAGGGTCCCGTC,3.5112554376775567e-06,Example 2(SGIP2)
492,0.0,173,0.9999990517442877,TCGAACTCGGTCGTCGAAGGGCGCCCCGCAGGGTCCCGTCT,8.778138594193892e-07,Example 2(SGIP2)
493,0.0,174,0.9999967380003496,GAACTCGGTCGTCGAAGGGCGCCCCGCAGGGTCCCGTCTGT,4.1452321139248935e-06,Example 2(SGIP2)
494,0.0,175,0.9999984773722562,CGGTCGTCGAAGGGCGCCCCGCAGGGTCCCGTCTGTAGCCC,1.3952905481511897e-06,Example 2(SGIP2)
495,0.0,176,0.9999998862093146,TCGTCGAAGGGCGCCCCGCAGGGTCCCGTCTGTAGCCCGGA,1.1649998751553622e-07,Example 2(SGIP2)
496,0.0,177,0.9996336752718146,CGTCGAAGGGCGCCCCGCAGGGTCCCGTCTGTAGCCCGGAC,0.0003880695863203569,Example 2(SGIP2)
497,0.0,178,0.9999955513260581,GTCGAAGGGCGCCCCGCAGGGTCCCGTCTGTAGCCCGGACG,4.475766962224787e-06,Example 2(SGIP2)
498,0.0,179,0.9999997615814209,AGGGCGCCCCGCAGGGTCCCGTCTGTAGCCCGGACGGCGAG,2.1132555874911221e-07,Example 2(SGIP2)
499,0.0,180,0.9999991330233488,CGCCCCGCAGGGTCCCGTCTGTAGCCCGGACGGCGAGCCCA,5.71662729436701e-07,Example 2(SGIP2)
500,0.0,181,0.9995626482096586,CCCGCAGGGTCCCGTCTGTAGCCCGGACGGCGAGCCCAGGT,0.000542218034917658,Example 2(SGIP2)
501,0.0,182,0.9999995177442377,CAGGGTCCCGTCTGTAGCCCGGACGGCGAGCCCAGGTTGGA,5.147673866965554e-07,Example 2(SGIP2)
502,0.0,183,0.9999995665116743,AGGGTCCCGTCTGTAGCCCGGACGGCGAGCCCAGGTTGGAG,3.6846507679332385e-07,Example 2(SGIP2)
503,0.0,184,0.9999823841181669,GTCCCGTCTGTAGCCCGGACGGCGAGCCCAGGTTGGAGTGG,1.1899254538796164e-05,Example 2(SGIP2)
504,0.0,185,0.9132484143430536,TCCCGTCTGTAGCCCGGACGGCGAGCCCAGGTTGGAGTGGG,0.08598913116888567,Example 2(SGIP2)
505,0.0,186,0.4096812822602012,CCGTCTGTAGCCCGGACGGCGAGCCCAGGTTGGAGTGGGAG,0.5899877710775896,Example 2(SGIP2)
506,0.0,187,0.9999984394420277,GTCTGTAGCCCGGACGGCGAGCCCAGGTTGGAGTGGGAGGG,1.6066161069003018e-06,Example 2(SGIP2)
507,0.0,188,0.9999995610930703,TAGCCCGGACGGCGAGCCCAGGTTGGAGTGGGAGGGAGCCG,3.549185666170987e-07,Example 2(SGIP2)
508,0.0,189,0.9999998374418779,AGCCCGGACGGCGAGCCCAGGTTGGAGTGGGAGGGAGCCGG,1.1108138344504616e-07,Example 2(SGIP2)
509,0.0,190,0.9999999783255837,CCGGACGGCGAGCCCAGGTTGGAGTGGGAGGGAGCCGGCGT,1.3546510176225142e-08,Example 2(SGIP2)
510,0.0,191,0.30770606886256824,CGGACGGCGAGCCCAGGTTGGAGTGGGAGGGAGCCGGCGTG,0.6914528418671001,Example 2(SGIP2)
511,0.0,192,0.9999951666051691,GACGGCGAGCCCAGGTTGGAGTGGGAGGGAGCCGGCGTGCA,4.901127381758257e-06,Example 2(SGIP2)
512,1.0,193,0.15068792213093152,CGGCGAGCCCAGGTTGGAGTGGGAGGGAGCCGGCGTGCACA,0.8478021350773898,Example 2(SGIP2)
513,0.0,194,0.43569414994933386,GGCGAGCCCAGGTTGGAGTGGGAGGGAGCCGGCGTGCACAG,0.5640816742723639,Example 2(SGIP2)
514,0.0,195,0.9999991709535773,GCGAGCCCAGGTTGGAGTGGGAGGGAGCCGGCGTGCACAGC,6.962906230579723e-07,Example 2(SGIP2)
515,0.0,196,0.9978785189715299,GAGCCCAGGTTGGAGTGGGAGGGAGCCGGCGTGCACAGCTG,0.002265290780500932,Example 2(SGIP2)
516,0.0,197,0.9999861771410162,AGCCCAGGTTGGAGTGGGAGGGAGCCGGCGTGCACAGCTGT,1.1148777875033291e-05,Example 2(SGIP2)
517,0.0,198,0.9967055049809542,GCCCAGGTTGGAGTGGGAGGGAGCCGGCGTGCACAGCTGTC,0.0033435144207694316,Example 2(SGIP2)
518,0.0,199,0.9999797235835682,CCAGGTTGGAGTGGGAGGGAGCCGGCGTGCACAGCTGTCTT,1.6537579623135652e-05,Example 2(SGIP2)
519,0.0,200,0.9999958981167186,GGTTGGAGTGGGAGGGAGCCGGCGTGCACAGCTGTCTTTGG,2.8908252716064453e-06,Example 2(SGIP2)
520,0.0,201,0.9994679906151511,GTTGGAGTGGGAGGGAGCCGGCGTGCACAGCTGTCTTTGGT,0.00047143751924688166,Example 2(SGIP2)
521,0.0,202,0.9999999566511675,TGGAGTGGGAGGGAGCCGGCGTGCACAGCTGTCTTTGGTCG,4.3348832563920456e-08,Example 2(SGIP2)
522,0.0,203,0.9999874938618053,GAGTGGGAGGGAGCCGGCGTGCACAGCTGTCTTTGGTCGGG,1.4218417080965908e-05,Example 2(SGIP2)
523,1.0,204,0.23774812980131668,GGAGGGAGCCGGCGTGCACAGCTGTCTTTGGTCGGGCTCAG,0.7602217739278619,Example 2(SGIP2)
524,0.0,205,0.9996573383157904,GGGAGCCGGCGTGCACAGCTGTCTTTGGTCGGGCTCAGGCT,0.00028378313237970525,Example 2(SGIP2)
525,0.0,206,0.9999525167725303,CGGCGTGCACAGCTGTCTTTGGTCGGGCTCAGGCTTCCGCT,3.913857720114968e-05,Example 2(SGIP2)
526,0.0,207,0.9999999783255837,GGCGTGCACAGCTGTCTTTGGTCGGGCTCAGGCTTCCGCTC,3.251162442294034e-08,Example 2(SGIP2)
527,0.0,208,0.999998618255962,GTGCACAGCTGTCTTTGGTCGGGCTCAGGCTTCCGCTCCCT,1.1975114995783025e-06,Example 2(SGIP2)
528,0.0,209,0.9999979300932451,TGCACAGCTGTCTTTGGTCGGGCTCAGGCTTCCGCTCCCTG,1.4007091522216797e-06,Example 2(SGIP2)
529,0.0,210,0.9999999078837308,GCACAGCTGTCTTTGGTCGGGCTCAGGCTTCCGCTCCCTGC,1.0566277937455611e-07,Example 2(SGIP2)
530,0.0,211,0.9999969059770758,GCTGTCTTTGGTCGGGCTCAGGCTTCCGCTCCCTGCCTGCT,2.955848520452326e-06,Example 2(SGIP2)
531,0.0,212,0.9999998862093146,CTGTCTTTGGTCGGGCTCAGGCTTCCGCTCCCTGCCTGCTC,9.482557123357599e-08,Example 2(SGIP2)
532,0.0,213,0.9999997995116494,TTGGTCGGGCTCAGGCTTCCGCTCCCTGCCTGCTCCCCTTT,1.3004649769176135e-07,Example 2(SGIP2)
533,0.0,214,0.9999996477907355,GGCTCAGGCTTCCGCTCCCTGCCTGCTCCCCTTTCCAGCCT,3.034418279474432e-07,Example 2(SGIP2)
534,0.0,215,0.9999583038416776,CAGGCTTCCGCTCCCTGCCTGCTCCCCTTTCCAGCCTCCCG,2.8111717917702414e-05,Example 2(SGIP2)
535,0.0,216,0.9999996532093395,CCTGCCTGCTCCCCTTTCCAGCCTCCCGCCCCAGAAACGAT,5.093487826260653e-07,Example 2(SGIP2)
536,0.0,217,0.5843114202672784,GCTCCCCTTTCCAGCCTCCCGCCCCAGAAACGATCTCGAGC,0.41581100767309015,Example 2(SGIP2)
537,0.0,218,0.9999978054653514,CTTTCCAGCCTCCCGCCCCAGAAACGATCTCGAGCGTTGCC,1.4846975153142756e-06,Example 2(SGIP2)
538,0.0,219,0.9999998916279186,CAGCCTCCCGCCCCAGAAACGATCTCGAGCGTTGCCAGTTT,1.0566277937455611e-07,Example 2(SGIP2)
539,0.0,220,0.9999971118840304,CCCGCCCCAGAAACGATCTCGAGCGTTGCCAGTTTGATTCC,2.5223601948131216e-06,Example 2(SGIP2)
540,0.0,221,0.9999455701221119,CGCCCCAGAAACGATCTCGAGCGTTGCCAGTTTGATTCCAG,5.0983645699240945e-05,Example 2(SGIP2)
541,0.0,222,0.9999995665116743,CCCCAGAAACGATCTCGAGCGTTGCCAGTTTGATTCCAGAG,3.3595345237038354e-07,Example 2(SGIP2)
542,0.0,223,0.999999306418679,CAGAAACGATCTCGAGCGTTGCCAGTTTGATTCCAGAGCCC,8.615580472079191e-07,Example 2(SGIP2)
543,0.0,224,0.9999675371430137,AACGATCTCGAGCGTTGCCAGTTTGATTCCAGAGCCCCACT,2.8650869022716176e-05,Example 2(SGIP2)
544,0.0,225,0.4750571548938751,ATCTCGAGCGTTGCCAGTTTGATTCCAGAGCCCCACTCGGG,0.5254863473502073,Example 2(SGIP2)
545,0.0,226,0.9999934760006991,GCGTTGCCAGTTTGATTCCAGAGCCCCACTCGGGTGGGTTC,5.3725459358908916e-06,Example 2(SGIP2)
546,0.0,227,0.9999997128139843,GTTGCCAGTTTGATTCCAGAGCCCCACTCGGGTGGGTTCTT,3.0615112998268823e-07,Example 2(SGIP2)
547,0.0,228,0.9998708150603555,TTGATTCCAGAGCCCCACTCGGGTGGGTTCTTTTGTTTCTT,0.00010359829122369939,Example 2(SGIP2)
548,0.0,229,0.999992386861281,TGATTCCAGAGCCCCACTCGGGTGGGTTCTTTTGTTTCTTT,7.5508247722278945e-06,Example 2(SGIP2)
549,0.0,230,0.999998769976876,GATTCCAGAGCCCCACTCGGGTGGGTTCTTTTGTTTCTTTG,1.1135231364857068e-06,Example 2(SGIP2)
550,0.0,231,0.9999981197443876,TTCCAGAGCCCCACTCGGGTGGGTTCTTTTGTTTCTTTGTT,1.5795230865478516e-06,Example 2(SGIP2)
551,0.0,232,0.9999999891627919,TCCAGAGCCCCACTCGGGTGGGTTCTTTTGTTTCTTTGTTT,8.127906105735085e-09,Example 2(SGIP2)
552,0.0,233,0.9999903440475464,CCAGAGCCCCACTCGGGTGGGTTCTTTTGTTTCTTTGTTTT,7.393685254183683e-06,Example 2(SGIP2)
553,0.0,234,0.785642764785073,CCACTCGGGTGGGTTCTTTTGTTTCTTTGTTTTAATGACAG,0.21265844052488153,Example 2(SGIP2)
554,0.0,235,0.9999998157674616,GTGGGTTCTTTTGTTTCTTTGTTTTAATGACAGTTCCCAGC,1.815232363614169e-07,Example 2(SGIP2)
555,0.0,236,0.6201774992726066,TTTTGTTTCTTTGTTTTAATGACAGTTCCCAGCCCTTCAGC,0.37385899099436676,Example 2(SGIP2)
556,0.0,237,0.9999978759072043,GTTTCTTTGTTTTAATGACAGTTCCCAGCCCTTCAGCATGT,2.556050625137438e-06,Example 2(SGIP2)
557,0.0,238,0.9999905933033336,TGTTTTAATGACAGTTCCCAGCCCTTCAGCATGTCATGCGC,1.1644738334966446e-05,Example 2(SGIP2)
558,0.0,239,0.9998552745038812,TGACAGTTCCCAGCCCTTCAGCATGTCATGCGCAATTAATT,0.00013236213390270407,Example 2(SGIP2)
